名前,No,LV,HP,min,MP,ATK,DEF,SPD,賢,避,EXP,GOLD,なつきP,心未P,心既P,宝,宝P,メ,ギ,イ,ヒ,バ,デ,幻,眠,死,光,吸,魔,乱,守,毒,休,踊,炎,雪,岩,痺,軍,金,竜,屍,浮,ス,状,P,癒,対象,？,NPC,複,Ac1,Ac2,Ac3,Ac4,Ac5,Ac6,LF1,LF2,LF3,LF4,LF5,LF6, 行動,LAc1,LAc2,LAc3,LAc4,LAc5,LAc6,行動パターン
なし,0,0,0,0,0,0,0,0,0,0,0,0,0,0,0,なし,1,×,×,×,×,×,×,×,×,×,×,×,×,×,×,×,×,×,×,×,×,×,×,,,,,,,,,,0,,1,(0),(0),(0),(0),(0),(0),0,0,0,0,0,0,確率1,(0),(0),(0),(0),(0),(0),(0)100.0%
スライム,1,1,7,5,0,9,8,3,1,0,1,1,1/4,1/8,1/64,やくそう,1/64,×,×,×,×,×,×,×,×,×,△,◎,◎,×,×,×,×,◎,×,×,×,×,×,,,,,○,,,,,3,,1,攻撃,攻撃,逃げる,攻撃,攻撃,逃げる,0,0,0,0,0,0,確率1,攻撃,攻撃,逃げる,攻撃,攻撃,逃げる,攻撃66.7% 逃げる33.3%
ナスビナーラ,2,1,8,6,0,10,9,5,1,1/64,2,2,1/16,0,0,やくそう,1/32,×,×,×,×,×,×,×,×,×,△,◎,◎,×,×,×,×,×,×,×,×,×,×,,,,,,,,,,3,,1,攻撃,逃げる,誘う踊り,攻撃,誘う踊り,攻撃,0,0,1,0,1,0,確率1,攻撃,逃げる,*誘う踊り,攻撃,*誘う踊り,攻撃,攻撃50.2% 誘う踊り33.3% 逃げる16.5%
オニムカデ,3,2,8,6,0,12,13,4,1,0,3,3,1/16,0,0,やくそう,1/8,×,×,×,×,×,×,×,×,×,△,◎,◎,×,×,×,×,◎,×,×,×,×,×,,,,,,,,,,3,,1,攻撃,攻撃,攻撃,攻撃,逃げる,攻撃,0,0,0,0,0,0,確率1,攻撃,攻撃,攻撃,攻撃,逃げる,攻撃,攻撃83.5% 逃げる16.5%
リップス,4,2,10,7,0,11,7,8,0,0,2,4,1/8,1/8,1/64,やくそう,1/16,×,×,×,×,×,×,×,×,×,△,◎,◎,×,×,×,×,◎,×,×,×,×,×,,,,,,,,,,3,,1,攻撃,なめまわし,攻撃,なめまわし,攻撃,攻撃,0,1,0,1,0,0,ローテD,攻撃,*なめまわし,攻撃,*なめまわし,攻撃,攻撃,[グループ]攻撃→なめまわし→攻撃→なめまわし→攻撃→攻撃
みみとびねずみ,5,4,16,12,0,16,9,9,1,1/64,5,5,1/16,0,0,やくそう,1/64,×,×,×,×,×,×,×,×,×,△,◎,◎,×,×,×,×,◎,×,×,×,×,×,,,,○,,,,,,3,,1,攻撃,攻撃,攻撃,攻撃,逃げる,攻撃,0,0,0,0,0,0,確率1,攻撃,攻撃,攻撃,攻撃,逃げる,攻撃,攻撃83.5% 逃げる16.5%
バブルスライム,6,6,24,19,0,20,12,6,0,0,7,4,1/16,0,0,どくけし草,1/16,×,×,×,×,×,×,△,×,×,△,◎,◎,×,×,×,×,◎,×,×,×,×,×,,,,,○,,,,,3,,1,攻撃,毒攻撃,毒攻撃,攻撃,毒攻撃,攻撃,0,1,1,0,1,0,確率1,攻撃,*毒攻撃,*毒攻撃,攻撃,*毒攻撃,攻撃,攻撃50.2% 毒攻撃49.8%
サボテンボール,7,3,14,11,0,18,14,10,1,0,4,5,1/8,0,0,いばらのムチ,1/256,×,×,×,×,×,×,×,×,×,○,◎,◎,×,×,×,×,◎,×,×,×,×,×,,,,,,,,,,3,,1,攻撃,攻撃,攻撃,攻撃,逃げる,逃げる,0,0,0,0,0,0,確率1,攻撃,攻撃,攻撃,攻撃,逃げる,逃げる,攻撃67.1% 逃げる32.9%
ちゅうまじゅう,8,3,20,15,0,20,13,7,0,0,6,3,1/8,0,0,せいすい,1/128,×,×,×,×,×,×,×,×,×,○,◎,◎,×,×,×,×,◎,×,×,×,×,×,,,,,,,,,,3,,1,攻撃,攻撃,様子を見る,攻撃,様子を見る,なめまわし,0,0,1,0,1,0,確率1,攻撃,攻撃,*様子を見る,攻撃,*様子を見る,なめまわし,攻撃50.2% 様子を見る33.3% なめまわし16.5%
ねこまどう,9,5,22,17,4,19,15,8,1,1/64,8,7,1/32,0,0,ひのきのぼう,1/128,×,×,×,×,×,×,×,×,×,△,×,×,×,×,×,×,◎,×,×,×,×,×,,,,,,,,,,3,,1,メラ,メラ,メラ,攻撃,メラ,攻撃,1,1,1,0,1,0,確率1,*メラ,*メラ,*メラ,攻撃,*メラ,攻撃,メラ66.7% 攻撃33.3%
ソードワラビー,10,4,24,19,0,25,14,12,1,0,10,6,1/16,0,0,どうのつるぎ,1/128,×,×,×,×,×,×,×,×,×,○,◎,◎,×,×,×,×,◎,×,×,×,×,×,,,,,,,,,,3,,1,攻撃,ジャンプ攻撃,攻撃,ジャンプ攻撃,攻撃,逃げる,0,1,0,1,0,0,確率1,攻撃,*ジャンプ攻撃,攻撃,*ジャンプ攻撃,攻撃,逃げる,攻撃50.2% ジャンプ攻撃33.3% 逃げる16.5%
はなカワセミ,11,6,20,15,0,20,9,13,1,0,9,4,1/16,1/16,1/64,やくそう,1/64,×,×,×,×,×,×,×,×,×,△,◎,◎,×,×,×,×,◎,×,×,×,×,×,,,,○,,,,,,3,,1,攻撃,攻撃,逃げる,逃げる,攻撃,攻撃,0,0,1,1,0,0,確率2,攻撃,攻撃,*逃げる,*逃げる,攻撃,攻撃,攻撃66.3% 逃げる33.7%
森の番人,12,5,28,22,0,27,16,10,0,0,11,5,1/32,0,0,布の服,1/64,×,×,×,×,×,×,×,×,×,○,◎,◎,×,×,×,×,◎,×,×,×,×,×,,,,,,,,,,3,,1,攻撃,攻撃,砂煙,攻撃,砂煙,攻撃,0,0,0,0,1,0,確率1,攻撃,攻撃,砂煙,攻撃,*砂煙,攻撃,攻撃66.7% 砂煙33.3%
はりせんもぐら,13,5,25,19,0,30,25,8,0,0,8,7,1/32,0,0,やくそう,1/128,×,×,×,×,×,×,×,△,△,×,◎,◎,×,×,×,×,◎,×,×,×,×,×,,,,,,,,,,3,,1,攻撃,攻撃,攻撃,攻撃,攻撃,攻撃,0,0,0,0,0,0,確率1,攻撃,攻撃,攻撃,攻撃,攻撃,攻撃,攻撃100.0%
インプ,14,5,30,23,4,33,20,16,1,0,12,6,1/32,0,0,やくそう,1/64,×,×,×,×,×,×,×,×,×,△,×,×,×,×,×,×,◎,×,×,×,×,×,,,,,,,,,,3,,1,攻撃,攻撃,ホイミ,攻撃,攻撃,ホイミ,0,0,0,0,0,0,確率1,攻撃,攻撃,ホイミ,攻撃,攻撃,ホイミ,攻撃66.7% ホイミ33.3%
カニおとこ,15,7,27,21,0,35,31,12,1,0,14,6,1/16,0,0,どうのつるぎ,1/256,×,×,×,×,×,×,△,×,×,○,◎,◎,×,×,×,×,◎,×,×,×,×,×,,,,,,,,,,3,,1,攻撃,逃げる,攻撃,攻撃,攻撃,逃げる,0,1,0,0,0,1,確率2,攻撃,*逃げる,攻撃,攻撃,攻撃,*逃げる,攻撃71.0% 逃げる29.0%
ホイミスライム,16,10,30,23,12,27,23,16,1,1/64,15,8,1/16,1/16,1/64,ふしぎなきのみ,1/4096,×,×,×,×,×,×,×,○,△,○,○,○,×,×,×,×,◎,×,×,×,×,×,,,,,○,,,,,3,,1,ホイミ,攻撃,ホイミ,攻撃,仲間を呼ぶ(同種),ホイミ,0,0,0,0,1,0,確率2,ホイミ,攻撃,ホイミ,攻撃,*仲間を呼ぶ(同種),ホイミ,ホイミ51.8% 攻撃37.6% 仲間を呼ぶ(同種)10.6%
そらの狩人,17,6,40,31,0,32,25,18,0,1/64,13,9,1/32,0,0,ひのきのぼう,1/64,×,×,×,×,×,×,×,×,×,△,◎,◎,×,×,×,×,◎,×,×,×,×,×,,,,○,,,,,,3,,1,攻撃,攻撃,攻撃,ミス,攻撃,ミス,0,0,0,1,0,1,確率1,攻撃,攻撃,攻撃,*ミス,攻撃,*ミス,攻撃66.7% ミス33.3%
とさかへび,18,7,28,22,3,37,20,24,1,0,17,7,1/32,0,0,皮のぼうし,1/64,×,×,×,×,×,×,×,×,×,△,×,×,×,×,×,×,◎,×,×,×,×,×,,,,,,,,,,3,,1,攻撃,巻きつく,攻撃,巻きつく,ルカニ,攻撃,0,1,0,1,1,0,確率2,攻撃,*巻きつく,攻撃,*巻きつく,*ルカニ,攻撃,攻撃51.8% 巻きつく37.6% ルカニ10.6%
マドハンド,19,7,35,27,0,40,13,17,1,0,11,5,1/64,0,0,せいすい,1/256,×,×,×,×,×,×,○,○,△,○,◎,◎,×,×,×,×,◎,×,×,×,×,×,,,○,,,,,,,3,,1,攻撃,攻撃,攻撃,仲間を呼ぶ(同種),攻撃,仲間を呼ぶ(同種),0,0,0,1,1,1,確率1,攻撃,攻撃,攻撃,*仲間を呼ぶ(同種),*攻撃,*仲間を呼ぶ(同種),攻撃66.7% 仲間を呼ぶ(同種)33.3%
どくあおむし,20,7,35,27,0,35,14,16,0,0,17,6,1/32,0,0,どくけし草,1/16,×,×,×,×,×,×,×,×,×,△,◎,◎,×,×,×,×,×,×,×,×,×,×,,,,,,,,,,3,,1,攻撃,毒攻撃,攻撃,攻撃,毒の息,逃げる,0,1,0,1,1,1,確率2,攻撃,*毒攻撃,攻撃,*攻撃,*毒の息,*逃げる,攻撃60.4% 毒攻撃22.7% 毒の息10.6% 逃げる6.3%
スライムベス,21,8,24,19,0,33,15,25,1,0,10,4,1/8,0,0,やくそう,1/64,×,×,×,×,×,×,×,×,×,△,◎,◎,×,×,×,×,×,×,×,×,×,×,,,,,○,,,,,3,,1,攻撃,攻撃,逃げる,攻撃,攻撃,逃げる,0,0,0,0,0,0,確率1,攻撃,攻撃,逃げる,攻撃,攻撃,逃げる,攻撃66.7% 逃げる33.3%
メランザーナ,22,8,40,31,0,28,25,21,0,1/16,19,8,1/16,0,0,布の服,1/256,×,×,×,×,×,×,×,×,△,△,◎,◎,×,×,×,×,×,×,×,×,×,×,,,,,,,,,,3,,1,攻撃,誘う踊り,仲間を呼ぶ(ナスビナーラ),誘う踊り,攻撃,仲間を呼ぶ(ナスビナーラ),0,1,0,1,0,0,確率1,攻撃,*誘う踊り,仲間を呼ぶ(ナスビナーラ),*誘う踊り,攻撃,仲間を呼ぶ(ナスビナーラ),攻撃33.3% 仲間を呼ぶ(ナスビナーラ)33.3% 誘う踊り33.3%
テールモンキー,23,9,46,36,0,36,25,23,1,0,18,9,1/32,0,0,うまのふん,1/128,×,×,×,×,×,×,×,×,△,○,◎,◎,×,×,×,×,◎,×,×,×,×,×,,,,,,,,,,3,,1,攻撃,攻撃,攻撃,逃げる,攻撃,逃げる,0,0,0,0,0,0,確率2,攻撃,攻撃,攻撃,逃げる,攻撃,逃げる,攻撃78.8% 逃げる21.2%
フェアリーラット,24,5,33,26,0,35,23,25,1,1/64,17,8,1/16,0,0,やくそう,1/64,×,×,×,×,×,×,×,△,△,○,◎,◎,×,×,×,×,◎,×,×,×,×,×,,,,○,,,,,,3,,1,眠り攻撃,攻撃,眠り攻撃,攻撃,眠り攻撃,攻撃,1,0,1,0,1,0,確率2,*眠り攻撃,攻撃,*眠り攻撃,攻撃,*眠り攻撃,攻撃,眠り攻撃56.1% 攻撃43.9%
ベビーゴイル,25,6,45,35,7,36,26,23,1,0,19,7,1/16,0,0,ふしぎなきのみ,1/256,×,×,×,×,×,×,×,△,△,△,×,×,×,×,×,×,◎,×,×,×,×,×,,,,,,,,,,3,,1,攻撃,攻撃,ヒャド,攻撃,ヒャド,攻撃,0,0,1,0,1,0,確率2,攻撃,攻撃,*ヒャド,攻撃,*ヒャド,攻撃,攻撃70.6% ヒャド29.4%
くさった死体,26,6,65,51,0,37,18,13,0,0,18,5,1/8,1/16,1/64,どくけし草,1/64,×,×,×,×,×,×,×,×,×,×,×,×,×,×,×,△,◎,×,×,×,×,×,,,○,,,,,,,3,,1,攻撃,攻撃,毒攻撃,攻撃,毒攻撃,攻撃,0,0,0,0,0,0,確率1,攻撃,攻撃,毒攻撃,攻撃,毒攻撃,攻撃,攻撃66.7% 毒攻撃33.3%
ダークドワーフ,27,6,42,33,5,45,32,27,1,0,20,8,1/16,0,0,やくそう,1/256,△,△,×,×,×,×,×,×,○,○,△,×,×,×,×,△,◎,×,×,×,×,×,,,○,,,,,,,3,,1,攻撃,攻撃,攻撃,マホトーン,攻撃,マホトーン,0,1,0,1,0,1,確率1,攻撃,*攻撃,攻撃,*マホトーン,攻撃,*マホトーン,攻撃66.7% マホトーン33.3%
フーガ,28,6,41,32,0,44,26,39,0,1/16,20,7,1/32,0,0,すばやさのたね,1/256,×,×,×,×,×,×,×,△,△,○,◎,◎,×,×,×,△,◎,×,×,×,×,×,,,,,,,,,,3,,1,攻撃,爪できりさく,攻撃,かみつく,攻撃,攻撃,0,1,0,1,0,0,確率1,攻撃,*爪できりさく,攻撃,*かみつく,攻撃,攻撃,攻撃66.7% かみつく16.9% 爪できりさく16.5%
ドラゴスライム,29,7,45,35,0,45,45,33,1,0,22,9,1/16,1/256,1/256,布の服,1/128,△,△,×,×,×,×,×,△,△,△,◎,◎,△,×,×,×,◎,△,×,×,×,×,,○,,,○,,,,,3,,1,攻撃,火の息,攻撃,火の息,攻撃,攻撃,0,1,0,1,0,0,確率1,攻撃,*火の息,攻撃,*火の息,攻撃,攻撃,攻撃66.7% 火の息33.3%
どろにんぎょう,30,6,50,39,0,40,19,23,0,0,22,4,1/16,0,0,布の服,1/128,×,×,×,×,×,×,×,×,△,△,◎,◎,△,×,×,×,×,×,×,×,×,×,,,,,,,,,,3,,1,攻撃,不思議な踊り1,攻撃,攻撃,不思議な踊り1,攻撃,0,1,0,0,1,0,確率1,攻撃,*不思議な踊り1,攻撃,攻撃,*不思議な踊り1,攻撃,攻撃67.1% 不思議な踊り1 32.9%
ジャガーメイジ,31,7,43,34,15,38,51,41,1,0,23,12,1/32,0,0,まほうのせいすい,1/256,×,×,×,△,×,×,×,△,△,×,△,×,△,×,×,△,◎,×,×,×,×,×,,,,,,,,,,3,,1,攻撃,攻撃,メラ,マヌーサ,攻撃,メラ,1,0,1,1,0,1,確率1,*攻撃,攻撃,*メラ,*マヌーサ,攻撃,*メラ,攻撃49.8% メラ33.3% マヌーサ16.9%
なし,32,7,30000,23906,100,10,10,10,0,0,10,10,0,0,0,なし,1,×,×,×,×,×,×,×,×,×,×,×,×,×,×,×,×,×,×,×,×,×,×,,,,,,,,,,2,,1,攻撃,攻撃,攻撃,攻撃,攻撃,攻撃,0,0,0,0,0,0,確率1,攻撃,攻撃,攻撃,攻撃,攻撃,攻撃,攻撃100.0%
首狩りぞく,33,7,48,38,0,54,40,33,0,1/64,21,10,1/32,0,0,こんぼう,1/128,×,×,×,×,×,×,△,△,△,○,◎,◎,△,×,×,△,◎,×,×,×,×,×,,,,,,,,,,3,,1,攻撃,武器を振り回す,攻撃,武器を振り回す,攻撃,攻撃,0,0,0,0,0,0,確率1,攻撃,武器を振り回す,攻撃,武器を振り回す,攻撃,攻撃,攻撃66.7% 武器を振り回す33.3%
ブチュチュンパ,34,7,52,41,0,40,30,27,0,0,22,8,1/16,0,0,やくそう,1/64,×,×,×,×,×,×,△,△,△,△,◎,◎,×,×,×,×,◎,×,×,×,×,×,,,,,,,,,,3,,1,攻撃,甘い息,攻撃,攻撃,攻撃,攻撃,0,1,0,1,0,0,確率1,攻撃,*甘い息,攻撃,*攻撃,攻撃,攻撃,攻撃83.5% 甘い息16.5%
ゾンビーアイ,35,7,45,35,0,45,18,18,0,0,20,6,1/16,0,0,うつくし草,1/128,×,×,×,×,×,×,△,△,△,×,◎,◎,×,×,×,△,◎,×,×,×,×,×,,,,,,,,,,3,,1,攻撃,攻撃,攻撃,攻撃,なめまわし,なめまわし,0,0,0,0,1,1,確率2,攻撃,攻撃,攻撃,攻撃,*なめまわし,*なめまわし,攻撃83.1% なめまわし16.9%
スライムナイト,36,8,70,55,10,53,55,38,2,0,25,15,1/8,0,0,どうのつるぎ,1/64,×,×,×,×,×,×,○,△,○,○,△,△,×,×,×,△,◎,×,×,×,×,×,,,,,○,,,,,3,,1,攻撃,ジャンプ攻撃,ジャンプ攻撃,ホイミ,攻撃,ホイミ,0,1,1,0,0,0,確率1,攻撃,*ジャンプ攻撃,*ジャンプ攻撃,ホイミ,攻撃,ホイミ,攻撃33.3% ジャンプ攻撃33.3% ホイミ33.3%
さそりアーマー,37,9,49,39,0,50,70,19,0,0,24,9,1/32,0,0,まもりのたね,1/256,△,×,×,×,×,×,○,○,○,◎,◎,◎,△,×,×,×,◎,×,×,×,×,×,,,,,,,,,,3,,1,攻撃,攻撃,痛恨の一撃,攻撃,痛恨の一撃,痛恨の一撃,0,0,1,0,1,1,確率1,攻撃,攻撃,*痛恨の一撃,攻撃,*痛恨の一撃,*痛恨の一撃,攻撃50.2% 痛恨の一撃49.8%
ひとくいばこ,38,9,110,87,30,65,50,40,2,1/16,65,100,1/8,0,0,ちからのたね,1/64,△,△,△,△,△,×,◎,◎,◎,◎,◎,○,◎,×,×,◎,◎,×,×,×,×,×,,,,,,,,,,3,,1,ギラ,攻撃,甘い息,痛恨の一撃,ギラ,攻撃,1,0,1,1,0,0,確率1,*ギラ,攻撃,*甘い息,*痛恨の一撃,ギラ,攻撃,ギラ33.3% 攻撃32.9% 甘い息16.9% 痛恨の一撃16.9%
バブリン,39,8,61,48,15,52,30,28,1,1/64,23,10,1/32,0,0,布の服,1/64,×,×,×,×,×,×,×,×,◎,△,△,△,○,×,×,×,◎,×,×,×,×,×,,,,○,,,,,,3,,1,ボーっとする,攻撃,バギ,攻撃,バギ,攻撃,1,0,1,0,1,0,確率1,*ボーっとする,攻撃,*バギ,攻撃,*バギ,攻撃,攻撃49.8% バギ33.3% ボーっとする16.9%
リビングハンマー,40,9,55,43,0,60,65,45,0,1/64,25,16,1/64,0,0,とがったホネ,1/128,×,×,×,△,×,×,○,○,○,◎,◎,◎,×,×,×,○,◎,×,×,×,△,×,,,,,,,,,,3,,1,攻撃,攻撃,弾け飛ぶ,攻撃,攻撃,弾け飛ぶ,0,0,0,0,0,0,ローテD,攻撃,攻撃,弾け飛ぶ,攻撃,攻撃,弾け飛ぶ,[グループ]攻撃→攻撃→弾け飛ぶ→攻撃→攻撃→弾け飛ぶ
ブタあくま,41,8,66,52,7,55,49,35,1,0,24,13,1/16,0,0,皮のよろい,1/64,×,×,×,×,×,×,△,△,△,○,△,×,◎,×,×,×,◎,×,×,×,×,×,,,,,,,,,,3,,1,冷たい息,攻撃,防御,冷たい息,攻撃,ルカナン,1,0,1,1,0,0,ローテB,*冷たい息,攻撃,*防御,*冷たい息,攻撃,ルカナン,(冷たい息or攻撃)→(防御or冷たい息)→(攻撃orルカナン)
さそりかまきり,42,9,49,39,0,59,50,40,0,0,23,11,1/32,0,0,ブロンズナイフ,1/128,×,×,×,×,×,×,×,◎,○,◎,◎,◎,△,×,×,×,◎,×,×,×,×,×,,,,,,,,,初回,3,,1,攻撃,爪できりさく,攻撃,爪できりさく,攻撃,爪できりさく,0,1,0,1,0,1,確率1,攻撃,*爪できりさく,攻撃,*爪できりさく,攻撃,*爪できりさく,攻撃50.2% 爪できりさく49.8%
ストローマウス,43,8,52,41,0,50,48,37,0,1/16,22,9,1/32,0,0,皮のぼうし,1/64,×,×,×,×,×,×,△,△,○,◎,◎,◎,×,×,×,△,◎,×,×,×,×,×,,,,,,,,,,3,,1,攻撃,仲間を呼ぶ(同種),攻撃,百裂なめ,百裂なめ,仲間を呼ぶ(同種),0,1,0,1,1,1,確率2,攻撃,*仲間を呼ぶ(同種),攻撃,*百裂なめ,*百裂なめ,*仲間を呼ぶ(同種),攻撃45.5% 仲間を呼ぶ(同種)29.0% 百裂なめ25.5%
突げきホーン,44,9,70,55,0,65,59,35,0,0,27,12,1/16,0,0,石のキバ,1/64,△,△,△,×,×,×,×,○,○,◎,◎,◎,△,×,×,×,◎,×,×,×,×,×,,,,,,,,,,3,,1,突き飛ばし,攻撃,力ため,突き飛ばし,力ため,攻撃,1,0,1,1,1,0,確率1,*突き飛ばし,攻撃,*力ため,*突き飛ばし,*力ため,攻撃,突き飛ばし33.7% 力ため33.3% 攻撃32.9%
キメラ,45,9,61,48,0,73,69,40,0,1/16,29,18,1/16,1/16,1/64,キメラのつばさ,1/64,×,×,×,×,×,×,×,△,△,○,◎,◎,△,×,×,△,◎,○,×,×,×,×,,,,○,,,,,,3,,1,攻撃,火の息,攻撃,火の息,攻撃,火の息,0,1,0,1,0,0,確率1,攻撃,*火の息,攻撃,*火の息,攻撃,火の息,攻撃50.2% 火の息49.8%
ポイズンバード,46,8,50,39,4,50,48,55,2,1/64,26,8,1/32,0,0,どくけし草,1/32,×,×,×,×,×,×,×,△,△,◎,×,×,△,×,×,×,◎,×,×,×,×,×,,,,○,,,,,,3,,1,攻撃,スカラ,毒攻撃,毒攻撃,スカラ,攻撃,0,1,1,1,1,0,確率1,攻撃,*スカラ,*毒攻撃,*毒攻撃,*スカラ,攻撃,毒攻撃33.7% 攻撃33.3% スカラ32.9%
エイプバット,47,8,62,49,0,63,52,42,0,1/64,28,14,1/8,0,0,うまのふん,1/64,×,×,×,×,×,×,○,×,×,○,◎,◎,×,×,×,△,◎,×,×,×,×,×,,,,,,,,,,3,,1,爆裂拳,攻撃,爆裂拳,攻撃,爆裂拳,攻撃,1,0,1,0,1,0,確率1,*爆裂拳,攻撃,*爆裂拳,攻撃,*爆裂拳,攻撃,爆裂拳50.2% 攻撃49.8%
スモークポット,48,10,68,54,5,59,78,63,2,0,30,20,1/64,0,0,ふしぎなきのみ,1/256,○,○,○,△,△,×,×,×,◎,×,×,×,△,×,×,×,◎,×,×,×,×,×,,,,,,,,,,3,,1,攻撃,砂煙,ラリホー,砂煙,攻撃,ラリホー,0,1,1,1,0,1,確率1,攻撃,*砂煙,*ラリホー,*砂煙,攻撃,*ラリホー,攻撃33.3% ラリホー33.3% 砂煙33.3%
アサシンクロー,49,10,69,54,0,70,58,60,0,1/64,31,15,1/32,0,0,アサシンダガー,1/64,×,×,×,×,×,×,△,△,○,◎,◎,◎,×,×,×,×,◎,×,×,×,×,×,,,,,,,,,,3,,1,攻撃,攻撃,攻撃,攻撃,攻撃,攻撃,0,0,0,0,0,0,確率1,攻撃,攻撃,攻撃,攻撃,攻撃,攻撃,攻撃100.0%
ふゆうじゅ,50,9,85,67,6,58,55,43,2,0,30,18,1/64,0,0,命のきのみ,1/4096,×,×,×,×,×,×,○,×,×,△,△,×,×,×,×,△,◎,×,×,×,×,×,,,○,○,,,,,,3,,1,攻撃,メダパニ,攻撃,攻撃,メダパニ,攻撃,0,1,0,0,1,0,確率1,攻撃,*メダパニ,攻撃,攻撃,*メダパニ,攻撃,攻撃67.1% メダパニ32.9%
ハングドエイプ,51,9,78,62,0,62,67,78,0,0,28,20,1/32,0,0,こんぼう,1/64,×,×,×,×,×,×,×,△,△,○,◎,◎,×,×,×,△,◎,×,×,×,×,×,,,,,,,,,,3,,1,攻撃,石つぶて,攻撃,攻撃,攻撃,石つぶて,0,1,0,0,0,1,確率1,攻撃,*石つぶて,攻撃,攻撃,攻撃,*石つぶて,攻撃67.1% 石つぶて32.9%
なし,52,9,30000,23906,100,10,10,10,0,0,10,10,0,0,0,なし,1,×,×,×,×,×,×,×,×,×,×,×,×,×,×,×,×,×,×,×,×,×,×,,,,,,,,,,2,,1,攻撃,攻撃,攻撃,攻撃,攻撃,攻撃,0,0,0,0,0,0,確率1,攻撃,攻撃,攻撃,攻撃,攻撃,攻撃,攻撃100.0%
笑いぶくろ,53,11,70,55,10,58,75,65,2,1/4,50,50,1/16,0,0,布の服,1/64,×,×,×,×,×,×,◎,◎,◎,△,△,△,△,×,×,○,×,×,×,×,△,○,,,,,,,,,,3,,1,攻撃,メラ,攻撃,仲間を呼ぶ(ふゆうじゅ),不思議な踊り2,笑う,0,1,0,1,1,1,確率1,攻撃,*メラ,攻撃,*仲間を呼ぶ(ふゆうじゅ),*不思議な踊り2,*笑う,攻撃33.7% 仲間を呼ぶ(ふゆうじゅ)16.9% メラ16.5% 不思議な踊り2 16.5% 笑う16.5%
ワータイガー,54,10,84,66,20,75,65,65,0,1/64,32,26,1/32,0,0,うさぎのしっぽ,1/4096,×,×,×,×,×,×,△,△,○,○,×,×,○,×,×,△,◎,×,×,×,×,△,,,,,,,,,,3,,1,火の息,攻撃,攻撃,ホイミ,攻撃,攻撃,1,0,0,0,0,0,ローテD,*火の息,攻撃,攻撃,ホイミ,攻撃,攻撃,[グループ]火の息→攻撃→攻撃→ホイミ→攻撃→攻撃
なし,55,10,30000,23906,100,10,10,10,0,0,10,10,0,0,0,なし,1,×,×,×,×,×,×,×,×,×,×,×,×,×,×,×,×,×,×,×,×,×,×,,,,,,,,,,2,,1,攻撃,攻撃,攻撃,攻撃,攻撃,攻撃,0,0,0,0,0,0,確率1,攻撃,攻撃,攻撃,攻撃,攻撃,攻撃,攻撃100.0%
ダンスニードル,56,10,67,53,0,55,49,75,0,0,30,18,1/32,0,0,どくばり,1/256,×,×,×,×,×,×,×,○,◎,◎,◎,◎,×,×,×,○,×,×,×,×,○,×,,,,,,,,,,3,,1,誘う踊り,攻撃,攻撃,捨て身,誘う踊り,捨て身,1,0,0,1,1,1,確率1,*誘う踊り,攻撃,攻撃,*捨て身,*誘う踊り,*捨て身,誘う踊り33.3% 攻撃33.3% 捨て身33.3%
サンダーラット,57,10,73,58,0,61,50,88,0,0,31,20,1/32,1/16,1/64,とんがりぼうし,1/64,×,×,×,×,×,×,◎,○,△,◎,◎,◎,△,×,×,×,◎,×,×,×,×,△,,,,,,,,,,3,,1,攻撃,まぶしい光,攻撃,まぶしい光,攻撃,攻撃,0,1,0,1,0,0,確率1,攻撃,*まぶしい光,攻撃,*まぶしい光,攻撃,攻撃,攻撃66.7% まぶしい光33.3%
メタルスライム,58,12,4,3,20,55,512,255,0,1/16,1000,65,1/64,0,0,まもりのたね,1/256,◎,◎,◎,◎,◎,◎,×,○,◎,◎,◎,◎,◎,◎,◎,◎,◎,◎,◎,◎,◎,◎,○,,,,○,,,,,3,,1,攻撃,逃げる,逃げる,メラ,逃げる,攻撃,0,0,0,0,0,0,確率1,攻撃,逃げる,逃げる,メラ,逃げる,攻撃,逃げる49.8% 攻撃33.3% メラ16.9%
あくまのつぼ,59,15,100,79,35,63,90,88,2,1/16,120,180,1/32,0,0,おなべのフタ,1/128,×,×,×,△,◎,×,×,○,◎,△,◎,◎,○,×,×,○,◎,×,×,×,×,◎,,,○,,,,,,初回,3,,1,笑いながら攻撃,攻撃,笑いながら攻撃,ラリホー,ヒャド,ギラ,1,0,1,1,1,1,確率1,*笑いながら攻撃,攻撃,*笑いながら攻撃,*ラリホー,*ヒャド,*ギラ,笑いながら攻撃33.7% ラリホー16.9% 攻撃16.5% ヒャド16.5% ギラ16.5%
木馬のきし,60,11,92,73,0,69,59,59,0,0,33,26,1/32,0,0,ステテコパンツ,1/128,×,×,×,×,×,×,×,△,◎,◎,◎,◎,○,×,×,○,◎,×,×,×,◎,×,,,,,,,,,,1,,1,攻撃,攻撃,ボディアタック,攻撃,ボディアタック,ミス,0,0,1,0,1,1,確率1,攻撃,攻撃,*ボディアタック,攻撃,*ボディアタック,*ミス,攻撃50.2% ボディアタック33.3% ミス16.5%
スマイルロック,61,12,100,79,0,66,90,47,0,0,34,18,1/64,0,0,命の石,1/256,△,△,△,×,×,×,○,○,○,◎,◎,◎,×,×,×,△,◎,×,×,×,△,×,,,,,,,,,,3,,1,攻撃,力ため,笑いながら攻撃,笑いながら攻撃,攻撃,様子を見る,0,0,0,0,0,0,ローテB,攻撃,力ため,笑いながら攻撃,笑いながら攻撃,攻撃,様子を見る,(攻撃or力ため)→笑いながら攻撃→(攻撃or様子を見る)
いどまねき,62,20,120,95,0,75,70,65,0,1/64,150,100,1/8,0,0,ちからのたね,1/256,×,×,×,×,×,×,○,◎,◎,◎,◎,◎,◎,×,×,○,◎,×,×,×,◎,○,,,,,,,,,,3,,1,攻撃,石つぶて,雄叫び,石つぶて,攻撃,まぶしい光,0,1,1,1,0,1,確率2,攻撃,*石つぶて,*雄叫び,*石つぶて,攻撃,*まぶしい光,石つぶて37.6% 攻撃37.3% 雄叫び18.8% まぶしい光6.3%
タマゴロン,63,17,150,119,0,60,90,78,0,0,30,28,1/32,0,0,せいすい,1/128,×,×,×,×,×,×,×,△,○,◎,◎,◎,○,×,×,△,◎,×,×,×,△,△,,,,,,,,,,3,,1,攻撃,攻撃,攻撃,正体を明かす,攻撃,弾け飛ぶ,0,0,0,0,0,0,ローテD,攻撃,攻撃,攻撃,正体を明かす,攻撃,弾け飛ぶ,[グループ]攻撃→攻撃→攻撃→正体を明かす→攻撃→弾け飛ぶ
キラーマンティス,64,13,64,51,0,74,70,85,0,0,33,17,1/16,0,0,まんげつ草,1/64,×,×,×,×,×,×,○,△,○,◎,◎,◎,△,×,×,×,◎,×,×,×,△,×,,,,,,,,,,3,,1,爪できりさく,攻撃,爪できりさく,攻撃,爪できりさく,攻撃,1,0,1,0,1,0,確率2,*爪できりさく,攻撃,*爪できりさく,攻撃,*爪できりさく,攻撃,爪できりさく56.1% 攻撃43.9%
ドロヌーバ,65,13,130,103,20,68,40,40,0,0,35,15,1/32,0,0,うまのふん,1/64,×,×,×,×,×,×,◎,×,○,×,×,×,×,×,×,×,◎,×,×,×,×,×,,,○,,,,,,,3,,1,攻撃,攻撃,スクルト,笑う,スクルト,ボーっとする,0,0,1,1,1,1,確率1,攻撃,攻撃,*スクルト,*笑う,*スクルト,*ボーっとする,攻撃33.3% スクルト33.3% 笑う16.9% ボーっとする16.5%
きとうし,66,13,85,67,30,60,64,68,2,0,40,12,1/32,0,0,まほうのせいすい,1/128,△,△,△,×,×,×,×,◎,◎,◎,×,×,△,×,×,×,◎,×,×,×,○,×,,,,,,,,,,1,,1,ギラ,マホトーン,ホイミ,攻撃,攻撃,攻撃,1,1,1,0,0,0,確率1,*ギラ,*マホトーン,*ホイミ,攻撃,攻撃,攻撃,攻撃49.8% ギラ16.9% ホイミ16.9% マホトーン16.5%
ストーンマン,67,14,115,91,0,85,84,56,0,0,45,35,1/16,0,0,命の石,1/128,×,×,×,×,×,×,△,○,◎,◎,◎,◎,○,×,×,△,◎,×,×,×,○,×,,,,,,,,,,3,,1,攻撃,踏みつける,攻撃,力ため,攻撃,痛恨の一撃,0,1,0,1,0,1,確率2,攻撃,*踏みつける,攻撃,*力ため,攻撃,*痛恨の一撃,攻撃56.1% 踏みつける22.7% 力ため14.9% 痛恨の一撃6.3%
アイアンタートル,68,14,85,67,0,72,120,58,0,0,36,15,1/16,0,0,まもりのたね,1/256,△,×,×,×,×,×,△,◎,○,○,◎,◎,○,×,×,△,◎,×,×,×,○,△,,,,,,,,,,3,,1,攻撃,ボディアタック,大防御,攻撃,身代わり,ボディアタック,0,1,1,0,1,1,確率1,攻撃,*ボディアタック,*大防御,攻撃,*身代わり,*ボディアタック,攻撃33.7% ボディアタック32.9% 大防御16.9% 身代わり16.5%
ダンビラムーチョ,69,14,99,78,7,80,75,65,0,1/64,42,22,1/16,1/128,1/128,どうのつるぎ,1/64,×,×,×,×,×,×,△,○,◎,○,△,×,○,×,×,△,◎,×,×,×,△,△,,,,,,,,,,3,,1,攻撃,攻撃,バイキルト,攻撃,バイキルト,ボディアタック,0,0,1,0,1,1,確率2,攻撃,攻撃,*バイキルト,攻撃,*バイキルト,*ボディアタック,攻撃64.3% バイキルト29.4% ボディアタック6.3%
ダッシュラン,70,15,105,83,0,78,61,80,0,1/16,38,15,1/32,0,0,すばやさのたね,1/256,×,×,×,×,×,×,△,△,◎,○,◎,◎,×,×,×,△,◎,×,×,×,×,△,,,,,,,,,,3,,1,攻撃,突き飛ばし,攻撃,冷たい息,冷たい息,攻撃,0,0,0,1,1,0,ローテD,攻撃,突き飛ばし,攻撃,*冷たい息,*冷たい息,攻撃,[グループ]攻撃→突き飛ばし→攻撃→冷たい息→冷たい息→攻撃
なし,71,15,30000,23906,100,10,10,10,0,0,10,10,0,0,0,なし,1,×,×,×,×,×,×,×,×,×,×,×,×,×,×,×,×,×,×,×,×,×,×,,,,,,,,,,2,,1,攻撃,攻撃,攻撃,攻撃,攻撃,攻撃,0,0,0,0,0,0,確率1,攻撃,攻撃,攻撃,攻撃,攻撃,攻撃,攻撃100.0%
スカイフロッグ,72,15,72,57,0,69,52,58,0,0,35,14,1/16,0,0,たびびとの服,1/64,×,×,×,×,×,×,×,△,○,◎,◎,◎,△,×,×,△,◎,×,×,×,×,×,,,,○,,,,,,3,,1,攻撃,仲間を呼ぶ(同種),攻撃,攻撃,なめまわし,なめまわし,0,1,0,0,1,1,確率1,攻撃,*仲間を呼ぶ(同種),攻撃,攻撃,*なめまわし,*なめまわし,攻撃50.6% なめまわし32.9% 仲間を呼ぶ(同種)16.5%
エンタシスマン,73,15,85,67,10,70,65,65,0,0,41,31,1/32,0,0,皮のよろい,1/64,○,○,△,×,×,×,△,◎,◎,△,△,×,○,×,×,○,×,×,×,×,◎,△,,,,,,,,,,3,,1,攻撃,メラ,不思議な踊り1,メラ,攻撃,不思議な踊り1,0,1,1,1,0,1,確率1,攻撃,*メラ,*不思議な踊り1,*メラ,攻撃,*不思議な踊り1,攻撃33.3% 不思議な踊り1 33.3% メラ33.3%
あばれ足鳥,74,15,77,61,0,75,46,58,0,1/64,40,23,1/32,0,0,すばやさのたね,1/256,×,×,×,×,×,×,△,○,○,◎,◎,◎,△,×,×,△,×,×,×,×,△,×,,,,,,,,,,3,,1,攻撃,攻撃,攻撃,攻撃,攻撃,攻撃,0,0,1,0,1,0,確率2,攻撃,攻撃,*攻撃,攻撃,*攻撃,攻撃,攻撃100.0%
あまのじゃく,75,16,80,63,15,72,59,69,2,0,42,18,1/32,0,0,かしこさのたね,1/256,×,×,×,×,×,×,◎,◎,◎,△,△,×,◎,×,×,◎,◎,×,×,×,◎,×,,,,,,,,,,3,,1,イオ,攻撃,ホイミ,攻撃,様子を見る,ホイミ,1,0,0,0,1,0,確率1,*イオ,攻撃,ホイミ,攻撃,*様子を見る,ホイミ,攻撃33.3% イオ16.9% ホイミ16.9% 様子を見る16.5% ホイミ16.5%
しにがみ兵,76,16,102,81,0,81,40,50,0,0,43,11,1/16,0,0,くさりかたびら,1/128,×,×,×,◎,×,×,×,◎,◎,△,◎,◎,◎,×,×,◎,◎,×,◎,×,◎,×,,,○,,,,,,低HP,3,,1,攻撃,マヒ攻撃,攻撃,斬りつける,マヒ攻撃,斬りつける,0,1,0,1,1,1,確率2,攻撃,*マヒ攻撃,攻撃,*斬りつける,*マヒ攻撃,*斬りつける,攻撃45.5% マヒ攻撃33.3% 斬りつける21.2%
ヘルジャンパー,77,16,89,70,7,75,70,80,2,1/16,40,25,1/32,0,0,やくそう,1/64,×,×,×,×,×,×,△,△,○,◎,△,×,×,×,×,△,◎,×,×,×,△,×,,,,,,,,,,3,,1,ジャンプ攻撃,攻撃,ルカニ,隼斬り,隼斬り,攻撃,1,0,1,1,1,0,確率1,*ジャンプ攻撃,攻撃,*ルカニ,*隼斬り,*隼斬り,攻撃,隼斬り33.3% 攻撃32.9% ジャンプ攻撃16.9% ルカニ16.9%
ピンクオーク,78,15,85,67,6,70,63,61,2,1/64,45,31,1/16,0,0,ピンクパール,1/256,×,×,×,×,×,×,△,○,○,◎,○,×,×,×,×,△,×,×,×,×,○,×,,,,,,,,,,3,,1,マヌーサ,攻撃,冷たい息,攻撃,冷たい息,攻撃,1,0,1,0,1,0,確率2,*マヌーサ,攻撃,*冷たい息,攻撃,*冷たい息,攻撃,攻撃43.9% 冷たい息29.4% マヌーサ26.7%
よろい竜,79,17,90,71,0,69,80,58,1,0,46,20,1/32,0,0,ブーメラン,1/256,○,○,○,○,△,×,△,○,◎,◎,◎,◎,△,×,×,△,×,×,×,×,○,△,,○,,,,,,,,3,,1,攻撃,火炎の息,攻撃,攻撃,火炎の息,仲間を呼ぶ(アイアンタートル),0,0,0,0,0,0,ローテD,攻撃,火炎の息,攻撃,攻撃,火炎の息,仲間を呼ぶ(アイアンタートル),[グループ]攻撃→火炎の息→攻撃→攻撃→火炎の息→仲間を呼ぶ(アイアンタートル)
あくまの書,80,18,64,51,6,80,55,61,1,1/64,58,40,1/32,0,0,命のきのみ,1/256,×,×,×,○,×,×,◎,◎,◎,○,×,◎,◎,×,×,◎,◎,×,○,×,◎,○,,,,,,,,,,1,,1,攻撃,ザキ,攻撃,マホトラ,攻撃,イオ,0,1,0,0,0,1,確率1,攻撃,*ザキ,攻撃,マホトラ,攻撃,*イオ,攻撃50.2% マホトラ16.9% ザキ16.5% イオ16.5%
なし,81,18,30000,23906,100,10,10,10,0,0,10,10,0,0,0,なし,1,×,×,×,×,×,×,×,×,×,×,×,×,×,×,×,×,×,×,×,×,×,×,,,,,,,,,,2,,1,攻撃,攻撃,攻撃,攻撃,攻撃,攻撃,0,0,0,0,0,0,確率1,攻撃,攻撃,攻撃,攻撃,攻撃,攻撃,攻撃100.0%
キラーストーカー,82,17,80,63,0,75,62,48,0,0,42,10,1/64,0,0,鉄のオノ,1/128,×,×,×,○,△,×,△,○,○,◎,◎,◎,○,×,×,△,×,×,×,×,△,×,,,,,,,,,,3,,1,攻撃,ランプ投げ,攻撃,攻撃,ランプ投げ,攻撃,0,1,0,0,1,0,確率1,攻撃,*ランプ投げ,攻撃,攻撃,*ランプ投げ,攻撃,攻撃67.1% ランプ投げ32.9%
グリーンドラゴン,83,18,160,127,0,89,70,67,0,1/64,50,32,1/32,0,0,鉄のたて,1/64,×,×,×,◎,×,×,◎,◎,◎,◎,◎,◎,△,×,×,○,◎,×,◎,×,○,×,,○,,,,,,,,3,,1,攻撃,氷の息,攻撃,氷の息,攻撃,仲間を呼ぶ(ホイミスライム),0,0,0,1,0,1,ローテB,攻撃,氷の息,攻撃,*氷の息,攻撃,*仲間を呼ぶ(ホイミスライム),(攻撃or氷の息)→(攻撃or氷の息)→(攻撃or仲間を呼ぶ(ホイミスライム))
シャドーナイト,84,18,62,49,0,75,98,88,0,1/16,47,22,1/32,0,0,どうのつるぎ,1/128,×,×,×,○,×,×,△,◎,◎,△,◎,◎,○,○,×,△,◎,×,◎,×,○,○,,,○,,,,,,,3,,1,攻撃,攻撃,攻撃,斬りつける,攻撃,斬りつける,0,0,0,1,0,1,確率1,攻撃,攻撃,攻撃,*斬りつける,攻撃,*斬りつける,攻撃66.7% 斬りつける33.3%
プラズママウス,85,17,66,52,0,70,65,69,0,1/64,45,21,1/16,0,0,とんがりぼうし,1/64,×,×,×,×,×,◎,△,△,○,◎,◎,◎,×,×,×,△,◎,×,×,×,○,△,,,,,,,,,,3,,1,稲妻,攻撃,攻撃,稲妻,攻撃,稲妻,1,0,0,1,0,1,確率1,*稲妻,攻撃,攻撃,*稲妻,攻撃,*稲妻,稲妻50.2% 攻撃49.8%
ベホマスライム,86,17,68,54,50,60,50,47,2,1/16,40,23,1/16,0,0,やくそう,1/64,×,×,×,×,×,×,×,○,○,×,○,○,△,×,×,×,◎,×,×,×,△,×,,,,,○,,,,,3,,1,ベホマ,攻撃,ベホマ,攻撃,様子を見る,仲間を呼ぶ(同種),1,0,1,0,1,1,確率2,*ベホマ,攻撃,*ベホマ,攻撃,*様子を見る,*仲間を呼ぶ(同種),ベホマ45.5% 攻撃37.6% 様子を見る10.6% 仲間を呼ぶ(同種)6.3%
なし,87,17,30000,23906,100,10,10,10,0,0,10,10,0,0,0,なし,1,×,×,×,×,×,×,×,×,×,×,×,×,×,×,×,×,×,×,×,×,×,×,,,,,,,,,,2,,1,攻撃,攻撃,攻撃,攻撃,攻撃,攻撃,0,0,0,0,0,0,確率1,攻撃,攻撃,攻撃,攻撃,攻撃,攻撃,攻撃100.0%
まさかりぞく,88,18,76,60,0,80,67,71,0,1/64,43,25,1/32,0,0,鉄のオノ,1/64,×,×,×,×,×,×,△,◎,○,◎,◎,◎,△,△,×,△,×,×,×,×,△,×,,,,,,,,,低HP,3,,1,攻撃,マッスルダンス,攻撃,マッスルダンス,痛恨の一撃,攻撃,0,1,0,1,1,0,確率2,攻撃,*マッスルダンス,攻撃,*マッスルダンス,*痛恨の一撃,攻撃,攻撃51.8% マッスルダンス37.6% 痛恨の一撃10.6%
ライノキング,89,18,76,60,0,85,80,61,0,1/64,49,42,1/16,0,0,石のキバ,1/64,×,×,×,△,△,×,△,○,◎,◎,◎,◎,△,×,×,○,◎,×,×,×,△,×,,,,,,,,,,3,,1,攻撃,力ため,攻撃,ボディアタック,攻撃,ボディアタック,0,1,0,1,0,1,確率1,攻撃,*力ため,攻撃,*ボディアタック,攻撃,*ボディアタック,攻撃50.2% ボディアタック33.3% 力ため16.5%
なし,90,18,30000,23906,100,10,10,10,0,0,10,10,0,0,0,なし,1,×,×,×,×,×,×,×,×,×,×,×,×,×,×,×,×,×,×,×,×,×,×,,,,,,,,,,2,,1,攻撃,攻撃,攻撃,攻撃,攻撃,攻撃,0,0,0,0,0,0,確率1,攻撃,攻撃,攻撃,攻撃,攻撃,攻撃,攻撃100.0%
とかげどり,91,18,90,71,0,79,58,72,0,1/16,47,23,1/32,0,0,皮のぼうし,1/128,△,△,△,×,×,×,△,○,○,◎,◎,◎,△,△,×,△,×,×,×,×,△,×,,,,,,,,,,3,,1,攻撃,メダパニダンス,攻撃,爪できりさく,メダパニダンス,爪できりさく,0,1,0,1,1,1,確率1,攻撃,*メダパニダンス,攻撃,*爪できりさく,*メダパニダンス,*爪できりさく,攻撃33.7% 爪できりさく33.3% メダパニダンス32.9%
ベビーデビル,92,19,95,75,15,82,69,80,2,1/64,48,34,1/32,0,0,おなべのフタ,1/64,×,×,×,△,△,×,○,○,◎,△,○,△,△,×,×,○,◎,×,×,×,△,×,,,,,,,,,,3,,1,攻撃,ベギラマ,攻撃,攻撃,ベギラマ,攻撃,0,1,0,0,1,0,確率1,攻撃,*ベギラマ,攻撃,攻撃,*ベギラマ,攻撃,攻撃67.1% ベギラマ32.9%
キングスライム,93,20,140,111,35,95,82,65,2,0,120,77,1/32,0,0,命のきのみ,1/256,△,△,△,△,○,×,○,△,◎,◎,○,△,◎,○,△,△,◎,△,△,×,△,○,,,,,○,,,,,3,,1,攻撃,ベホマラー,のしかかる,攻撃,ベホマラー,のしかかる,0,1,1,0,1,1,確率2,攻撃,*ベホマラー,*のしかかる,攻撃,*ベホマラー,*のしかかる,攻撃41.6% ベホマラー33.3% のしかかる25.1%
りゅうき兵,94,19,77,61,0,92,72,78,0,1/64,50,32,1/16,0,0,鉄のやり,1/64,×,×,×,×,×,×,△,◎,○,△,◎,◎,△,○,×,△,◎,×,×,×,△,×,,○,,,,,,,,3,,1,攻撃,斬りつける,攻撃,仲間を呼ぶ(同種),斬りつける,攻撃,0,1,0,1,1,0,確率1,攻撃,*斬りつける,攻撃,*仲間を呼ぶ(同種),*斬りつける,攻撃,攻撃50.2% 斬りつける32.9% 仲間を呼ぶ(同種)16.9%
なし,95,19,265,211,35,135,78,85,2,1/64,200,115,0,0,0,なし,1,○,○,○,△,×,×,○,○,◎,◎,○,○,○,△,◎,○,◎,○,△,△,○,○,,,,,,,,16~24,,2,,1,攻撃,攻撃,攻撃,攻撃,攻撃,攻撃,0,0,0,0,0,0,確率2,攻撃,攻撃,攻撃,攻撃,攻撃,攻撃,攻撃100.0%
キラースター,96,19,110,87,8,91,115,90,2,0,51,47,1/32,0,0,ぎんのむねあて,1/128,×,×,×,×,△,×,◎,◎,○,○,△,△,△,△,×,△,◎,×,×,×,△,△,,,,,,,,,,3,,1,攻撃,マホカンタ,弾け飛ぶ,攻撃,マホカンタ,攻撃,0,1,1,0,1,0,確率1,攻撃,*マホカンタ,*弾け飛ぶ,攻撃,*マホカンタ,攻撃,攻撃50.2% マホカンタ32.9% 弾け飛ぶ16.9%
やみのとうぞく,97,19,130,103,0,79,78,65,2,0,40,18,1/64,0,0,布の服,1/64,×,×,×,○,×,×,×,×,△,△,◎,◎,○,×,×,△,◎,×,×,×,○,×,,,,,,,,,,3,,1,攻撃,盗む,攻撃,攻撃,盗む,逃げる,0,1,0,0,1,0,確率2,攻撃,*盗む,攻撃,攻撃,*盗む,逃げる,攻撃60.4% 盗む33.3% 逃げる6.3%
レッドスコーピオン,98,20,98,78,0,85,95,80,0,1/64,53,23,1/32,0,0,鉄かぶと,1/128,○,○,○,×,○,×,○,○,○,◎,◎,◎,△,×,△,△,◎,×,×,×,△,×,,,,,,,,,,3,,1,攻撃,痛恨の一撃,尻尾,尻尾,攻撃,攻撃,0,1,1,1,0,0,確率1,攻撃,*痛恨の一撃,*尻尾,*尻尾,攻撃,攻撃,攻撃49.8% 尻尾33.7% 痛恨の一撃16.5%
どくどくゾンビ,99,20,120,95,0,80,48,45,0,0,45,10,1/64,0,0,どくけし草,1/32,×,×,×,◎,×,×,△,◎,○,△,◎,◎,×,×,◎,○,◎,×,○,×,○,×,,,○,,,,,,,3,,1,毒の息,攻撃,攻撃,毒の息,毒攻撃,マヒ攻撃,1,0,0,1,1,1,確率1,*毒の息,攻撃,攻撃,*毒の息,*毒攻撃,*マヒ攻撃,毒の息33.7% 攻撃33.3% 毒攻撃16.5% マヒ攻撃16.5%
メタルライダー,100,21,104,82,12,87,135,110,2,1/64,230,40,1/16,0,0,どうのつるぎ,1/32,○,○,○,○,○,×,○,◎,◎,◎,△,△,△,○,◎,○,◎,○,○,○,○,○,,,,,○,,,,,3,,1,攻撃,ジャンプ攻撃,攻撃,ジャンプ攻撃,痛恨の一撃,ホイミ,0,1,0,1,1,1,確率1,攻撃,*ジャンプ攻撃,攻撃,*ジャンプ攻撃,*痛恨の一撃,*ホイミ,攻撃33.7% ジャンプ攻撃33.3% 痛恨の一撃16.5% ホイミ16.5%
ネイルビースト,101,21,112,89,0,92,70,77,0,0,57,18,1/32,0,0,鉄のツメ,1/64,△,△,△,○,×,×,○,◎,◎,◎,◎,◎,○,×,○,◎,◎,×,×,△,◎,×,,,,,,,,,,3,,1,攻撃,氷の息,攻撃,氷の息,攻撃,攻撃,0,1,0,1,0,0,確率1,攻撃,*氷の息,攻撃,*氷の息,攻撃,攻撃,攻撃66.7% 氷の息33.3%
フォレストガード,102,22,109,86,0,84,72,65,0,1/16,55,32,1/32,0,0,せいどうのよろい,1/128,×,×,×,×,×,×,×,○,×,×,×,×,×,×,○,△,◎,×,×,×,△,×,,,,○,,,,,,3,,1,攻撃,乱れ撃ち,弓矢撃ち,攻撃,弓矢撃ち,ミス,0,0,0,0,0,0,ローテD,攻撃,乱れ撃ち,弓矢撃ち,攻撃,弓矢撃ち,ミス,[グループ]攻撃→乱れ撃ち→弓矢撃ち→攻撃→弓矢撃ち→ミス
なし,103,22,30000,23906,100,10,10,10,0,0,10,10,0,0,0,なし,1,×,×,×,×,×,×,×,×,×,×,×,×,×,×,×,×,×,×,×,×,×,×,,,,,,,,,,2,,1,攻撃,攻撃,攻撃,攻撃,攻撃,攻撃,0,0,0,0,0,0,確率1,攻撃,攻撃,攻撃,攻撃,攻撃,攻撃,攻撃100.0%
レッサーデーモン,104,22,110,87,0,86,65,59,0,1/64,59,35,1/16,0,0,ステテコパンツ,1/128,×,×,×,×,×,×,△,○,△,×,◎,◎,△,○,○,△,◎,×,×,×,△,×,,,○,,,,,,,3,,1,攻撃,まぶしい光,攻撃,攻撃,まぶしい光,攻撃,0,1,0,0,1,0,確率1,攻撃,*まぶしい光,攻撃,攻撃,*まぶしい光,攻撃,攻撃67.1% まぶしい光32.9%
ワンダーエッグ,105,23,180,143,20,80,100,83,2,0,62,28,1/64,0,0,ふしぎなきのみ,1/256,○,○,○,○,○,△,△,○,◎,◎,△,×,◎,×,◎,◎,◎,△,△,○,○,◎,,,,,,,,,,3,,1,正体を明かす,攻撃,スカラ,攻撃,アストロン,弾け飛ぶ,0,0,1,0,1,1,確率3,正体を明かす,攻撃,*スカラ,攻撃,*アストロン,*弾け飛ぶ,正体を明かす78.4% 攻撃17.3% スカラ3.1% アストロン1.2% 弾け飛ぶ0.0%
ポンコツ兵,106,22,135,107,0,83,69,69,0,1/64,60,25,1/32,0,0,鉄のオノ,1/128,×,×,×,×,×,×,◎,◎,◎,◎,◎,◎,◎,×,△,◎,◎,×,×,△,◎,×,,,,,,,,,,1,,1,攻撃,攻撃,痛恨の一撃(攻撃×2.5),攻撃,攻撃,痛恨の一撃(攻撃×2.5),0,0,1,0,0,1,確率2,攻撃,攻撃,*痛恨の一撃(攻撃×2.5),攻撃,攻撃,*痛恨の一撃(攻撃×2.5),攻撃74.9% 痛恨の一撃(攻撃×2.5)25.1%
スライムブレス,107,23,150,119,0,79,78,75,0,1/64,64,50,1/64,0,0,スライムの服,1/128,△,△,△,×,×,×,○,○,◎,○,◎,◎,△,×,◎,○,◎,○,×,△,△,△,,,,○,○,,,,,3,,1,攻撃,火炎の息,攻撃,火炎の息,攻撃,火炎の息,0,1,0,1,0,1,確率2,攻撃,*火炎の息,攻撃,*火炎の息,攻撃,*火炎の息,攻撃56.1% 火炎の息43.9%
メイジキメラ,108,23,95,75,15,87,77,77,0,1/64,65,51,1/16,0,0,キメラのつばさ,1/64,○,○,○,×,×,×,○,○,○,◎,△,△,◎,×,○,○,◎,×,×,×,○,△,,,,○,,,,,,3,,1,攻撃,火炎の息,攻撃,火炎の息,攻撃,火炎の息,0,1,0,1,0,1,確率2,攻撃,*火炎の息,攻撃,*火炎の息,攻撃,*火炎の息,攻撃56.1% 火炎の息43.9%
ドンガンバ,109,22,97,77,0,90,62,63,0,1/64,61,48,1/32,0,0,鉄のよろい,1/128,×,×,×,×,×,×,△,△,○,○,◎,◎,△,×,△,○,◎,×,×,×,△,×,,,,,,,,,,1,,1,攻撃,力ため,攻撃,ミス,攻撃,ボディアタック,0,1,0,0,0,1,確率2,攻撃,*力ため,攻撃,ミス,攻撃,*ボディアタック,攻撃56.1% 力ため22.7% ミス14.9% ボディアタック6.3%
イノブタマン,110,22,200,159,0,88,71,60,0,1/64,58,39,1/32,0,0,こんぼう,1/32,×,×,×,×,×,×,△,△,○,◎,◎,◎,○,×,◎,○,◎,×,×,×,△,×,,,,,,,,,,3,,1,攻撃,砂煙,気合いため,攻撃,攻撃,砂煙,0,1,0,0,0,1,確率2,攻撃,*砂煙,気合いため,攻撃,攻撃,*砂煙,攻撃52.2% 砂煙29.0% 気合いため18.8%
スノーバット,111,23,120,95,8,92,88,70,2,1/64,66,31,1/32,0,0,皮のドレス,1/128,×,×,×,◎,△,×,△,△,○,◎,◎,△,×,×,○,◎,◎,×,◎,×,○,×,,,,,,,,,,3,,1,攻撃,ヒャダルコ,攻撃,ヒャド,攻撃,ヒャダルコ,0,1,0,1,0,1,確率2,攻撃,*ヒャダルコ,攻撃,*ヒャド,攻撃,*ヒャダルコ,攻撃56.1% ヒャダルコ29.0% ヒャド14.9%
デビルアーマー,112,23,110,87,0,100,97,67,2,1/64,68,52,1/32,0,0,鉄のよろい,1/128,△,△,△,×,△,×,○,○,◎,◎,◎,◎,◎,×,△,◎,◎,△,△,○,◎,○,,,,,,,,,,3,,1,攻撃,ムーンサルト,攻撃,攻撃,攻撃,気合いため,0,1,0,0,0,0,ローテD,攻撃,*ムーンサルト,攻撃,攻撃,攻撃,気合いため,[グループ]攻撃→ムーンサルト→攻撃→攻撃→攻撃→気合いため
マジックリップス,113,22,108,86,0,85,65,89,0,1/64,60,20,1/16,0,0,うつくし草,1/256,×,×,×,×,×,×,△,△,△,○,◎,◎,△,×,◎,○,◎,×,×,△,△,△,,,,,,,,,,3,,1,攻撃,なめまわし,攻撃,甘い息,攻撃,甘い息,0,0,0,1,0,1,確率1,攻撃,なめまわし,攻撃,*甘い息,攻撃,*甘い息,攻撃50.2% 甘い息33.3% なめまわし16.5%
スモールデッド,114,23,122,97,9,90,75,71,1,1/64,70,48,1/16,0,0,ターバン,1/128,○,○,○,○,○,×,○,◎,◎,△,○,△,△,×,○,○,◎,×,×,△,○,×,,,,,,,,,,3,,1,マホトーン,攻撃,マホトーン,攻撃,イオ,攻撃,1,0,1,0,1,0,確率2,*マホトーン,攻撃,*マホトーン,攻撃,*イオ,攻撃,マホトーン45.5% 攻撃43.9% イオ10.6%
バーサーカー,115,24,140,111,0,105,72,74,1,1/64,72,32,1/32,1/128,1/128,くさりがま,1/64,×,×,×,△,△,×,△,△,○,◎,◎,◎,×,×,△,◎,◎,×,×,×,△,×,,,,,,,,,,3,,1,攻撃,武器を振り回す,攻撃,皆殺し,攻撃,武器を振り回す,0,1,0,1,0,1,確率2,攻撃,*武器を振り回す,攻撃,*皆殺し,攻撃,*武器を振り回す,攻撃56.1% 武器を振り回す29.0% 皆殺し14.9%
ベンガルクーン,116,24,170,135,20,95,88,89,1,1/64,78,28,1/32,0,0,毛皮のマント,1/64,×,×,△,○,×,×,○,○,◎,○,○,△,○,×,○,○,◎,×,×,△,△,×,,,,,,,,,,3,,1,攻撃,マヌーサ,攻撃,メダパニ,攻撃,ベギラマ,0,1,0,1,0,1,確率2,攻撃,*マヌーサ,攻撃,*メダパニ,攻撃,*ベギラマ,攻撃56.1% マヌーサ22.7% メダパニ14.9% ベギラマ6.3%
ブガッティ,117,24,190,151,0,110,70,65,0,1/64,75,61,1/32,0,0,カメのこうら,1/256,×,×,△,△,×,×,○,△,○,△,◎,◎,×,×,○,○,◎,×,×,△,△,×,,,,,,,,,,3,,1,攻撃,氷の息,攻撃,攻撃,氷の息,攻撃,0,1,0,0,1,0,確率1,攻撃,*氷の息,攻撃,攻撃,*氷の息,攻撃,攻撃67.1% 氷の息32.9%
なし,118,24,30000,23906,100,10,10,10,0,0,10,10,0,0,0,なし,1,×,×,×,×,×,×,×,×,×,×,×,×,×,×,×,×,×,×,×,×,×,×,,,,,,,,,,2,,1,攻撃,攻撃,攻撃,攻撃,攻撃,攻撃,0,0,0,0,0,0,確率1,攻撃,攻撃,攻撃,攻撃,攻撃,攻撃,攻撃100.0%
キングムーチョ,119,24,160,127,12,95,84,75,1,1/64,74,62,1/16,0,0,皮のこしまき,1/64,×,×,×,×,○,×,○,◎,◎,◎,○,○,○,×,◎,○,◎,×,×,○,○,×,,,,,,,,,,3,,1,攻撃,バイキルト,ボディアタック,ベホイミ,攻撃,攻撃,0,1,1,1,0,0,確率1,攻撃,*バイキルト,*ボディアタック,*ベホイミ,攻撃,攻撃,攻撃49.8% ボディアタック16.9% ベホイミ16.9% バイキルト16.5%
グロン,120,24,140,111,6,99,40,55,2,0,71,25,1/64,0,0,ヘアバンド,1/64,×,×,◎,×,○,×,○,◎,△,△,◎,○,×,×,◎,◎,◎,×,×,×,△,×,,,○,,,,,,,3,,1,ルカナン,攻撃,毒攻撃,攻撃,百裂なめ,攻撃,0,0,0,0,1,0,確率4,ルカナン,攻撃,毒攻撃,攻撃,*百裂なめ,攻撃,攻撃39.1% ルカナン27.3% 毒攻撃27.3% 百裂なめ6.3%
パペットマン,121,24,130,103,8,90,88,73,0,1/16,65,32,1/32,0,0,木のぼうし,1/64,△,△,△,△,△,△,△,○,○,△,×,◎,◎,×,△,◎,×,×,×,×,△,×,,,,,,,,,,3,,1,攻撃,マホトラ踊り,攻撃,身かわし脚,スクルト,マホトラ踊り,0,1,0,1,1,1,確率2,攻撃,*マホトラ踊り,攻撃,*身かわし脚,*スクルト,*マホトラ踊り,攻撃45.5% マホトラ踊り29.0% 身かわし脚14.9% スクルト10.6%
いどまじん,122,30,210,167,20,120,75,61,1,0,250,67,1/16,1/128,1/128,きぞくの服,1/128,×,×,×,×,×,×,◎,◎,◎,◎,○,△,◎,×,○,○,◎,△,△,△,◎,△,,,,,,,,,,3,,1,雄叫び,石つぶて,ラリホーマ,攻撃,メラミ,ベホイミ,1,1,1,0,1,1,ローテD,*雄叫び,*石つぶて,*ラリホーマ,攻撃,*メラミ,*ベホイミ,[グループ]雄叫び→石つぶて→ラリホーマ→攻撃→メラミ→ベホイミ
ウイングタイガー,123,25,185,147,12,110,68,82,2,1/64,80,40,1/32,0,0,皮のこしまき,1/128,×,×,△,○,×,×,◎,△,○,◎,○,○,×,×,△,○,◎,×,×,×,△,×,,,,,,,,,,3,,1,マヒ攻撃,攻撃,攻撃,マホカンタ,攻撃,バギマ,1,0,0,1,0,1,確率1,*マヒ攻撃,攻撃,攻撃,*マホカンタ,攻撃,*バギマ,攻撃49.8% マヒ攻撃16.9% マホカンタ16.9% バギマ16.5%
オーガソルジャー,124,25,180,143,0,115,80,75,1,1/64,82,50,1/32,0,0,くさりがま,1/64,×,×,×,×,×,×,×,○,△,×,×,×,×,×,○,△,×,×,×,×,△,×,,,,,,,,,,3,,1,攻撃,痛恨の一撃(攻撃×2.5),攻撃,攻撃,痛恨の一撃(攻撃×2.5),攻撃,0,1,0,0,1,0,確率2,攻撃,*痛恨の一撃(攻撃×2.5),攻撃,攻撃,*痛恨の一撃(攻撃×2.5),攻撃,攻撃66.7% 痛恨の一撃(攻撃×2.5)33.3%
チョッキンガー,125,26,140,111,0,105,115,65,2,1/64,81,45,1/16,0,0,おおばさみ,1/256,△,△,△,△,○,×,◎,○,○,○,◎,◎,×,×,◎,△,◎,△,△,×,△,×,,,,,,,,,,3,,1,攻撃,受け流し,攻撃,仲間を呼ぶ(同種),攻撃,受け流し,0,1,0,1,0,1,確率2,攻撃,*受け流し,攻撃,*仲間を呼ぶ(同種),攻撃,*受け流し,攻撃56.1% 受け流し29.0% 仲間を呼ぶ(同種)14.9%
なし,126,26,30000,23906,100,10,10,10,0,0,10,10,0,0,0,なし,1,×,×,×,×,×,×,×,×,×,×,×,×,×,×,×,×,×,×,×,×,×,×,,,,,,,,,,2,,1,攻撃,攻撃,攻撃,攻撃,攻撃,攻撃,0,0,0,0,0,0,確率1,攻撃,攻撃,攻撃,攻撃,攻撃,攻撃,攻撃100.0%
プヨンターゲット,127,26,130,103,8,95,62,79,2,1/16,79,35,1/32,0,0,ぎんのむねあて,1/128,×,×,×,×,×,×,◎,△,◎,○,△,△,○,×,△,◎,×,×,×,◎,△,○,,,,○,,,,,,3,,1,メガザルダンス,メガザルダンス,攻撃,ベホイミ,ボーっとする,攻撃,1,1,0,1,0,0,確率3,*メガザルダンス,*メガザルダンス,攻撃,*ベホイミ,ボーっとする,攻撃,メガザルダンス94.1% 攻撃3.1% ベホイミ1.6% ボーっとする1.2%
ブッチョマン,128,27,150,119,5,100,78,81,0,0,83,57,1/32,0,0,鉄のオノ,1/64,×,×,×,×,×,×,△,○,△,◎,△,△,×,×,○,○,◎,×,○,×,△,×,,,,,,,,,,3,,1,攻撃,ヒャド,まぶしい光,攻撃,攻撃,まぶしい光,0,1,1,0,0,1,確率2,攻撃,*ヒャド,*まぶしい光,攻撃,攻撃,*まぶしい光,攻撃52.2% まぶしい光25.1% ヒャド22.7%
ウッディアイ,129,27,160,127,10,105,65,53,2,0,84,45,1/64,0,0,ふしぎなきのみ,1/256,×,×,×,◎,○,◎,△,◎,○,△,○,×,◎,×,○,○,◎,×,×,×,○,×,,,,○,,,,,,3,,1,ラリホーマ,攻撃,攻撃,ラリホーマ,攻撃,攻撃,1,0,0,1,0,0,確率1,*ラリホーマ,攻撃,攻撃,*ラリホーマ,攻撃,攻撃,攻撃66.3% ラリホーマ33.7%
ウルフデビル,130,27,140,111,8,117,85,95,1,1/64,86,60,1/32,0,0,アサシンダガー,1/128,×,×,×,×,×,×,○,○,◎,◎,◎,△,△,×,△,×,◎,×,×,×,◎,×,,,,,,,,,,3,,1,攻撃,バイキルト,爆裂拳,攻撃,爆裂拳,攻撃,0,1,1,0,1,0,確率1,攻撃,*バイキルト,*爆裂拳,攻撃,*爆裂拳,攻撃,攻撃50.2% 爆裂拳33.3% バイキルト16.5%
おどる宝石,131,30,200,159,10,99,80,105,1,1/16,90,350,1/64,1/64,1/64,ピンクパール,1/128,△,△,△,△,△,×,◎,◎,◎,◎,○,×,◎,×,◎,◎,△,○,○,△,◎,◎,,,,,,,,,,3,,1,微笑む,攻撃,ザキ,誘う踊り,仲間を呼ぶ(ホイミスライム),攻撃,0,0,1,1,1,0,確率1,微笑む,攻撃,*ザキ,*誘う踊り,*仲間を呼ぶ(ホイミスライム),攻撃,攻撃32.9% 微笑む16.9% ザキ16.9% 誘う踊り16.9% 仲間を呼ぶ(ホイミスライム)16.5%
じごくのピエロ,132,28,180,143,10,108,77,92,1,0,88,66,1/64,0,0,シルクハット,1/64,×,×,×,○,◎,×,○,△,○,◎,◎,△,○,×,○,△,◎,△,△,×,○,△,,,,,,,,,,1,,1,攻撃,攻撃,メラミ,攻撃,メラミ,メラミ,0,0,1,0,1,1,確率1,攻撃,攻撃,*メラミ,攻撃,*メラミ,*メラミ,攻撃50.2% メラミ49.8%
テラノライナー,133,28,230,183,0,125,90,105,0,1/64,90,80,1/32,0,0,すばやさのたね,1/256,×,×,×,×,△,×,○,△,○,◎,◎,◎,△,△,△,△,◎,△,×,△,△,×,,○,,,,,,,,3,,1,攻撃,氷の息,ボディアタック,攻撃,氷の息,ボディアタック,0,1,1,0,1,1,確率1,攻撃,*氷の息,*ボディアタック,攻撃,*氷の息,*ボディアタック,攻撃33.7% ボディアタック33.3% 氷の息32.9%
はぐれメタル,134,30,6,4,50,90,999,255,0,0,10500,20,1/32,0,0,しあわせのくつ,1/256,◎,◎,◎,◎,◎,◎,◎,◎,◎,○,◎,◎,◎,◎,◎,◎,◎,◎,◎,◎,◎,◎,○,,,,○,,,,,3,,1,逃げる,ギラ,逃げる,ギラ,逃げる,攻撃,0,1,0,1,0,0,確率1,逃げる,*ギラ,逃げる,*ギラ,逃げる,攻撃,逃げる50.2% ギラ33.3% 攻撃16.5%
レノファイター,135,28,280,223,0,118,100,86,0,0,92,70,1/32,0,0,毛皮のフード,1/128,×,×,×,△,×,×,△,○,○,◎,◎,◎,○,△,△,◎,◎,×,△,△,△,×,,,,,,,,,,3,,1,攻撃,踏みつける,力ため,踏みつける,攻撃,痛恨の一撃(攻撃×2.5),0,1,1,1,0,1,確率2,攻撃,*踏みつける,*力ため,*踏みつける,攻撃,*痛恨の一撃(攻撃×2.5),踏みつける37.6% 攻撃37.3% 力ため18.8% 痛恨の一撃(攻撃×2.5)6.3%
ヘルバイパー,136,29,120,95,0,110,80,68,0,0,94,65,1/64,0,0,どくがのナイフ,1/128,×,×,×,×,×,×,△,○,◎,◎,◎,◎,△,×,◎,△,◎,×,×,×,○,×,,,,,,,,,,3,,1,マヒ攻撃,攻撃,毒の息,巻きつく,攻撃,巻きつく,1,0,1,1,0,1,確率2,*マヒ攻撃,攻撃,*毒の息,*巻きつく,攻撃,*巻きつく,攻撃33.3% マヒ攻撃26.7% 巻きつく21.2% 毒の息18.8%
ジェリーマン,137,30,330,262,10,99,60,70,0,0,105,100,1/32,0,0,シルバートレイ,1/64,×,×,×,○,◎,×,○,○,◎,◎,○,○,○,△,×,◎,◎,×,×,×,△,×,,,,,,,,,,3,,1,攻撃,モシャス,防御(1/5),モシャス,攻撃,防御(1/5),0,0,0,0,0,0,確率1,攻撃,モシャス,防御(1/5),モシャス,攻撃,防御(1/5),攻撃33.3% 防御(1/5)33.3% モシャス33.3%
なし,138,30,30000,23906,100,10,10,10,0,0,10,10,0,0,0,なし,1,×,×,×,×,×,×,×,×,×,×,×,×,×,×,×,×,×,×,×,×,×,×,,,,,,,,,,2,,1,攻撃,攻撃,攻撃,攻撃,攻撃,攻撃,0,0,0,0,0,0,確率1,攻撃,攻撃,攻撃,攻撃,攻撃,攻撃,攻撃100.0%
ばくだん岩,139,28,200,159,20,105,120,55,2,0,80,50,1/16,1/64,1/64,命の石,1/64,△,△,×,△,○,×,○,△,◎,○,○,○,△,△,◎,◎,◎,△,△,×,◎,△,,,,,,,,,,3,,1,メガンテ,攻撃,笑いながら攻撃,メガンテ,攻撃,攻撃,1,0,1,1,0,0,確率3,*メガンテ,攻撃,*笑いながら攻撃,*メガンテ,攻撃,攻撃,メガンテ80.0% 攻撃16.9% 笑いながら攻撃3.1%
ファイヤーケロッグ,140,29,155,123,0,95,87,67,0,1/64,85,42,1/32,0,0,ターバン,1/64,△,△,×,×,×,×,△,○,○,◎,◎,◎,△,×,◎,△,◎,○,×,×,△,×,,,,,,,,,,3,,1,攻撃,火炎の息,攻撃,火炎の息,攻撃,火炎の息,0,1,0,1,0,1,確率1,攻撃,*火炎の息,攻撃,*火炎の息,攻撃,*火炎の息,攻撃50.2% 火炎の息49.8%
プロトキラー,141,30,190,151,0,89,85,58,0,0,95,58,1/32,1/256,1/256,バトルアックス,1/128,△,×,○,△,×,×,△,◎,◎,◎,◎,◎,△,△,◎,○,◎,△,△,×,◎,×,,,,,,,,,低HP,1,,1,攻撃,攻撃,痛恨の一撃(攻撃×2.5),攻撃,痛恨の一撃(攻撃×2.5),攻撃,0,0,1,0,1,0,確率1,攻撃,攻撃,*痛恨の一撃(攻撃×2.5),攻撃,*痛恨の一撃(攻撃×2.5),攻撃,攻撃66.7% 痛恨の一撃(攻撃×2.5)33.3%
あくま神官,142,31,185,147,200,103,92,72,2,1/64,110,110,1/64,0,0,いかずちの杖,1/64,△,○,◎,△,△,×,△,○,◎,◎,◎,○,◎,△,○,◎,◎,×,×,○,◎,△,,,,,,,,,,1,,1,ザオラル,ザオラル,ベギラマ,メラミ,攻撃,攻撃,0,0,1,1,0,0,確率3,ザオラル,ザオラル,*ベギラマ,*メラミ,攻撃,攻撃,ザオラル94.1% ベギラマ3.1% メラミ1.6% 攻撃1.2%
ファイヤーキッズ,143,30,155,123,25,99,72,83,1,0,100,52,1/32,0,0,キトンシールド,1/64,△,○,○,×,×,×,○,○,◎,◎,○,△,△,×,×,○,◎,◎,×,△,○,×,,,,○,,,,,,3,,1,攻撃,イオ,ラリホー,攻撃,攻撃,イオ,0,1,1,0,0,1,確率1,攻撃,*イオ,*ラリホー,攻撃,攻撃,*イオ,攻撃50.2% イオ32.9% ラリホー16.9%
ミミック,144,32,250,199,15,135,100,90,1,1/64,210,130,1/16,1/64,1/64,ちからのたね,1/256,△,△,△,△,△,△,◎,◎,◎,◎,△,○,◎,△,○,◎,◎,×,×,○,○,◎,,,,,,,,,,3,,1~2,攻撃,ザキ,攻撃,不思議な踊り3,甘い息,ザキ,0,1,0,1,1,1,確率1,攻撃,*ザキ,攻撃,*不思議な踊り3,*甘い息,*ザキ,攻撃33.7% ザキ32.9% 不思議な踊り3 16.9% 甘い息16.5%
オークデビル,145,32,210,167,0,119,90,65,0,0,88,66,1/64,0,0,鉄のよろい,1/128,×,×,△,○,×,×,△,△,○,◎,◎,◎,△,△,×,○,◎,△,×,△,○,×,,,,,,,,,,3,,1,攻撃,砂煙,攻撃,気合いため,攻撃,砂煙,0,1,0,1,0,1,確率1,攻撃,*砂煙,攻撃,*気合いため,攻撃,*砂煙,攻撃50.2% 砂煙32.9% 気合いため16.9%
シープダック,146,30,180,143,0,108,62,82,0,1/64,90,77,1/32,0,0,すばやさのたね,1/256,×,×,×,◎,△,×,△,○,○,◎,◎,◎,○,×,△,×,◎,×,○,×,△,×,,,,,,,,,,3,,1,攻撃,攻撃,後ろ蹴り,後ろ蹴り,攻撃,後ろ蹴り,0,0,1,1,0,0,確率1,攻撃,攻撃,*後ろ蹴り,*後ろ蹴り,攻撃,後ろ蹴り,後ろ蹴り50.2% 攻撃49.8%
のろいのランプ,147,33,210,167,8,140,107,100,2,1/64,87,120,1/16,1/256,1/256,かしこさのたね,1/256,△,△,△,△,○,×,△,◎,◎,○,○,△,○,○,○,○,◎,○,○,◎,◎,○,,,,,,,,,,1,,1,攻撃,攻撃,マホトーン,攻撃,仲間を呼ぶ(ランプのまおう),仲間を呼ぶ(ランプのまおう),0,0,1,0,1,1,確率2,攻撃,攻撃,*マホトーン,攻撃,*仲間を呼ぶ(ランプのまおう),*仲間を呼ぶ(ランプのまおう),攻撃64.3% マホトーン18.8% 仲間を呼ぶ(ランプのまおう)16.9%
首長竜,148,33,200,159,80,126,93,70,1,0,115,80,1/32,0,0,皮のムチ,1/128,×,×,△,○,×,×,○,○,◎,◎,△,△,△,×,○,△,◎,○,○,×,○,△,,○,,,,,,,,3,,1,攻撃,火炎の息,攻撃,ルカナン,氷の息,火炎の息,0,1,0,1,1,1,確率1,攻撃,*火炎の息,攻撃,*ルカナン,*氷の息,*火炎の息,攻撃33.7% 火炎の息32.9% ルカナン16.9% 氷の息16.5%
スライムベホマズン,149,30,230,183,200,110,77,48,2,0,120,85,1/16,0,0,せかいじゅのしずく,1/128,△,△,△,△,△,△,△,○,◎,◎,◎,○,◎,×,×,○,◎,×,×,△,○,×,,,,,○,,,,,3,,1,ベホマズン,のしかかる,攻撃,ボディアタック,ベホマ,攻撃,1,0,0,1,1,0,確率2,*ベホマズン,のしかかる,攻撃,*ボディアタック,*ベホマ,攻撃,ベホマズン26.7% 攻撃25.1% のしかかる22.7% ボディアタック14.9% ベホマ10.6%
ゴールドマン,150,29,255,203,0,130,120,54,0,0,80,650,1/64,0,0,金のブレスレット,1/128,×,×,○,○,○,×,○,△,○,◎,◎,◎,○,×,◎,◎,◎,△,△,△,◎,△,,,,,,,,,,3,,1,攻撃,踏みつける,攻撃,力ため,攻撃,痛恨の一撃(攻撃×2.5),0,1,0,1,0,1,確率1,攻撃,*踏みつける,攻撃,*力ため,攻撃,*痛恨の一撃(攻撃×2.5),攻撃50.2% 力ため16.9% 踏みつける16.5% 痛恨の一撃(攻撃×2.5)16.5%
ピグモンエビル,151,30,205,163,0,103,90,68,2,1/64,108,58,1/32,0,0,皮のこしまき,1/64,×,×,×,○,×,×,△,△,◎,◎,◎,◎,△,△,△,○,◎,×,×,×,△,×,,,,,,,,,,3,,1,攻撃,焼けつく息,攻撃,氷の息,逃げる,攻撃,0,1,0,1,1,0,確率1,攻撃,*焼けつく息,攻撃,*氷の息,*逃げる,攻撃,攻撃50.2% 氷の息16.9% 焼けつく息16.5% 逃げる16.5%
サンドワーム,152,29,180,143,0,107,71,74,1,0,96,37,1/32,0,0,カメのこうら,1/64,×,×,×,△,×,△,○,○,△,◎,◎,◎,△,×,○,◎,◎,×,×,○,△,×,,,,,,,,,,3,,1,攻撃,糸を吐く,猛毒の霧,攻撃,糸を吐く,逃げる,0,1,1,0,1,0,確率1,攻撃,*糸を吐く,*猛毒の霧,攻撃,*糸を吐く,逃げる,攻撃33.7% 糸を吐く32.9% 猛毒の霧16.9% 逃げる16.5%
ツボック,153,31,250,199,30,125,99,91,1,1/64,250,110,1/16,0,0,まもりのたね,1/256,△,△,△,△,○,×,○,○,◎,◎,△,△,◎,△,○,○,◎,×,×,△,○,○,,,,,,,,,,3,,1~2,ラリホー,攻撃,笑いながら攻撃,攻撃,バギマ,笑いながら攻撃,1,0,1,0,1,1,確率1,*ラリホー,攻撃,*笑いながら攻撃,攻撃,*バギマ,*笑いながら攻撃,笑いながら攻撃33.3% 攻撃33.3% ラリホー16.9% バギマ16.5%
じごくの番人,154,32,190,151,0,112,87,70,0,0,110,80,1/64,0,0,毛皮のフード,1/64,×,×,×,○,×,×,△,○,◎,◎,◎,◎,△,×,△,◎,◎,×,×,×,△,×,,,,,,,,,,1,,1,防御,攻撃,ランプ投げ,攻撃,ランプ投げ,ランプ投げ,0,0,1,0,1,1,確率1,防御,攻撃,*ランプ投げ,攻撃,*ランプ投げ,*ランプ投げ,ランプ投げ49.8% 攻撃33.3% 防御16.9%
なし,155,32,630,502,10,160,300,91,1,1/16,450,158,0,0,0,なし,1,○,○,◎,◎,○,○,△,◎,◎,◎,○,◎,○,×,◎,○,◎,○,○,○,◎,○,,,,,,,,,,2,,1~2,攻撃,攻撃,攻撃,攻撃,攻撃,攻撃,0,0,0,0,0,0,確率2,攻撃,攻撃,攻撃,攻撃,攻撃,攻撃,攻撃100.0%
マグマロン,156,33,250,199,20,118,65,43,2,0,125,82,1/32,0,0,まもりのたね,1/256,◎,◎,◎,×,×,×,△,△,○,△,○,△,△,×,◎,○,◎,◎,×,×,○,×,,,,,,,,,,3,,1,攻撃,仲間を呼ぶ(同種),攻撃,イオラ,攻撃,イオラ,0,1,0,1,0,1,確率2,攻撃,*仲間を呼ぶ(同種),攻撃,*イオラ,攻撃,*イオラ,攻撃56.1% 仲間を呼ぶ(同種)22.7% イオラ21.2%
マージインプ,157,33,210,167,35,105,70,53,2,1/64,120,60,1/32,0,0,おなべのフタ,1/128,×,×,×,△,△,×,○,○,◎,△,○,△,△,×,△,○,◎,×,×,×,○,×,,,,,,,,,,3,,1,ヒャダルコ,ベホイミ,攻撃,攻撃,ベホイミ,ヒャダルコ,1,0,0,0,0,1,確率2,*ヒャダルコ,ベホイミ,攻撃,攻撃,ベホイミ,*ヒャダルコ,攻撃33.7% ベホイミ33.3% ヒャダルコ32.9%
ミステリピラー,158,33,190,151,16,116,87,69,2,1/64,123,95,1/64,0,0,ダンシングメイル,1/256,×,×,×,○,◎,×,◎,△,◎,○,×,○,△,○,×,○,×,△,△,○,○,×,,,,,,,,,最後尾,3,,1,攻撃,スクルト,不思議な踊り2,攻撃,スクルト,不思議な踊り1,0,1,1,0,1,1,確率1,攻撃,*スクルト,*不思議な踊り2,攻撃,*スクルト,*不思議な踊り1,攻撃33.7% スクルト32.9% 不思議な踊り2 16.9% 不思議な踊り1 16.5%
ダークパンサー,159,34,210,167,21,127,92,85,2,1/64,130,83,1/16,0,0,はがねのキバ,1/128,×,×,×,×,×,×,○,△,○,◎,◎,△,○,×,△,○,◎,×,×,△,△,×,,,,,,,,,,3,,1,攻撃,マヌーサ,攻撃,マヌーサ,攻撃,逃げる,0,1,0,1,0,0,確率2,攻撃,*マヌーサ,攻撃,*マヌーサ,攻撃,逃げる,攻撃56.1% マヌーサ37.6% 逃げる6.3%
リザードマン,160,34,190,151,18,125,98,97,1,1/64,128,90,1/16,1/16,1/64,はがねのつるぎ,1/64,×,×,×,×,×,×,×,×,◎,×,×,×,×,×,○,◎,◎,×,×,×,△,×,,○,,,,,,,,3,,1,攻撃,ルカナン,攻撃,攻撃,バイキルト,攻撃,0,0,0,0,0,0,ローテD,攻撃,ルカナン,攻撃,攻撃,バイキルト,攻撃,[グループ]攻撃→ルカナン→攻撃→攻撃→バイキルト→攻撃
呪いのボトル,161,33,245,195,16,120,120,80,2,1/16,135,103,1/32,0,0,かしこさのたね,1/256,×,×,△,◎,×,×,○,○,◎,○,○,△,○,×,○,◎,◎,×,×,◎,◎,○,,,,,,,,,,3,,1~2,ザキ,猛毒の霧,攻撃,攻撃,仲間を呼ぶ(リビングスタチュー),攻撃,1,1,0,0,1,0,確率2,*ザキ,*猛毒の霧,攻撃,攻撃,*仲間を呼ぶ(リビングスタチュー),攻撃,攻撃40.0% ザキ26.7% 猛毒の霧22.7% 仲間を呼ぶ(リビングスタチュー)10.6%
ベビークラウド,162,32,188,149,26,103,85,94,1,0,105,65,1/32,0,0,皮のぼうし,1/64,×,△,△,×,×,○,△,○,○,◎,◎,△,○,×,×,○,◎,×,×,×,○,△,,,,○,,,,,,3,,1,攻撃,攻撃,ラリホー,攻撃,バギマ,攻撃,0,0,1,0,1,0,確率2,攻撃,攻撃,*ラリホー,攻撃,*バギマ,攻撃,攻撃70.6% ラリホー18.8% バギマ10.6%
くもの大王,163,36,310,247,30,150,109,75,2,1/64,170,120,1/64,0,0,きぞくの服,1/128,×,×,×,×,△,○,○,◎,◎,◎,◎,◎,○,×,◎,◎,◎,×,×,○,◎,○,,,,○,,,,,,3,,1,攻撃,仲間を呼ぶ(ベビークラウド),攻撃,マジックバリア,攻撃,仲間を呼ぶ(ベビークラウド),0,1,0,1,0,1,確率2,攻撃,*仲間を呼ぶ(ベビークラウド),攻撃,*マジックバリア,攻撃,*仲間を呼ぶ(ベビークラウド),攻撃56.1% 仲間を呼ぶ(ベビークラウド)29.0% マジックバリア14.9%
フーガベッサム,164,33,230,183,0,121,82,99,0,1/64,125,88,1/32,0,0,かいぞくの服,1/64,×,×,×,○,×,◎,×,△,○,◎,◎,◎,△,×,△,○,×,×,×,△,○,×,,,,,,,,,,3,,1,攻撃,稲妻,攻撃,爪できりさく,稲妻,メダパニダンス,0,1,0,1,1,1,確率1,攻撃,*稲妻,攻撃,*爪できりさく,*稲妻,*メダパニダンス,攻撃33.7% 稲妻32.9% 爪できりさく16.9% メダパニダンス16.5%
ダークアーマー,165,34,200,159,20,132,130,78,2,0,130,92,1/32,0,0,はがねのよろい,1/128,×,△,○,○,×,×,△,◎,◎,△,○,△,◎,×,◎,◎,◎,△,△,○,◎,△,,,○,,,,,,,3,,1,攻撃,ムーンサルト,マホトーン,ムーンサルト,攻撃,攻撃,0,1,1,1,0,0,確率1,攻撃,*ムーンサルト,*マホトーン,*ムーンサルト,攻撃,攻撃,攻撃49.8% ムーンサルト33.3% マホトーン16.9%
アンクルホーン,166,35,285,227,35,135,100,70,2,0,140,104,1/16,0,0,命のきのみ,1/256,×,×,×,◎,◎,×,△,◎,◎,◎,◎,○,◎,×,○,◎,◎,×,×,△,◎,×,,,,,,,,,,1,,1,まぶしい光,攻撃,火炎の息,攻撃,ベホマラー,攻撃,1,0,1,0,1,0,確率1,*まぶしい光,攻撃,*火炎の息,攻撃,*ベホマラー,攻撃,攻撃49.8% まぶしい光16.9% 火炎の息16.9% ベホマラー16.5%
リビングスタチュー,167,35,225,179,21,125,94,87,1,1/64,138,72,1/16,0,0,アサシンダガー,1/64,×,×,×,○,○,×,△,◎,○,◎,◎,◎,○,×,◎,◎,△,×,○,△,◎,△,,,,,,,,,,3,,1~2,攻撃,スカラ,ジャンプ攻撃,氷の息,攻撃,マッスルダンス,0,1,1,1,0,1,確率1,攻撃,*スカラ,*ジャンプ攻撃,*氷の息,攻撃,*マッスルダンス,攻撃33.3% ジャンプ攻撃16.9% 氷の息16.9% スカラ16.5% マッスルダンス16.5%
ゴールデンスライム,168,37,350,278,18,122,120,85,2,0,350,3000,1/64,0,0,命のゆびわ,1/256,△,△,△,○,◎,△,○,◎,◎,◎,◎,○,○,△,◎,○,◎,○,○,○,◎,○,,,,,○,,,,,3,,1,攻撃,押しつぶす,攻撃,ベホイミ,押しつぶす,ベホイミ,0,1,0,1,1,1,確率2,攻撃,*押しつぶす,攻撃,*ベホイミ,*押しつぶす,*ベホイミ,攻撃45.5% 押しつぶす33.3% ベホイミ21.2%
ヘルジュラシック,169,36,330,262,0,130,91,93,0,1/64,141,93,1/32,0,0,すばやさのたね,1/256,×,△,○,×,○,×,△,○,○,◎,◎,◎,△,×,○,△,◎,×,×,×,○,×,,○,,,,,,,,3,,1,攻撃,火炎の息,ボディアタック,火炎の息,攻撃,攻撃,0,1,1,1,0,0,確率1,攻撃,*火炎の息,*ボディアタック,*火炎の息,攻撃,攻撃,攻撃49.8% 火炎の息33.3% ボディアタック16.9%
コスモファントム,170,36,310,247,30,128,100,105,2,0,147,107,1/64,0,0,はでな服,1/128,×,×,△,◎,◎,×,○,◎,◎,◎,○,○,◎,×,◎,○,◎,×,△,○,◎,×,,,,,,,,,,3,,1,攻撃,メラミ,攻撃,まぶしい光,攻撃,メラミ,0,1,0,1,0,1,確率2,攻撃,*メラミ,攻撃,*まぶしい光,攻撃,*メラミ,攻撃56.1% メラミ29.0% まぶしい光14.9%
スカルブレード,171,35,180,143,0,133,79,98,0,0,138,62,1/32,0,0,ちからのゆびわ,1/128,×,×,×,◎,○,×,△,◎,○,◎,◎,◎,◎,×,◎,×,△,×,×,×,◎,×,,,○,,,,,,,3,,1,攻撃,攻撃,剣の舞,攻撃,剣の舞,攻撃,0,0,1,0,1,0,確率1,攻撃,攻撃,*剣の舞,攻撃,*剣の舞,攻撃,攻撃66.7% 剣の舞33.3%
ローズバトラー,172,37,380,302,5,132,85,81,2,0,160,101,1/16,1/1024,1/1024,ねむりの杖,1/128,×,×,△,×,◎,×,○,◎,◎,◎,◎,◎,◎,×,◎,◎,◎,×,×,○,◎,△,,,,,,,,,,3,,1,攻撃,ラリホー,攻撃,焼けつく息,攻撃,猛毒の霧,0,1,0,1,0,1,確率1,攻撃,*ラリホー,攻撃,*焼けつく息,攻撃,*猛毒の霧,攻撃50.2% 焼けつく息16.9% ラリホー16.5% 猛毒の霧16.5%
ボーンライダー,173,36,280,223,30,129,79,77,1,0,155,93,1/32,0,0,鉄のやり,1/64,×,×,×,○,×,×,○,○,○,○,◎,△,△,×,△,○,◎,×,×,×,○,△,,,○,,,,,,,3,,1,氷の息,攻撃,ヒャダルコ,攻撃,仲間を呼ぶ(ホイミスライム),氷の息,1,0,1,0,1,1,確率1,*氷の息,攻撃,*ヒャダルコ,攻撃,*仲間を呼ぶ(ホイミスライム),*氷の息,氷の息33.3% 攻撃33.3% ヒャダルコ16.9% 仲間を呼ぶ(ホイミスライム)16.5%
ウィングドラゴン,174,37,315,251,20,135,84,88,0,1/64,158,98,1/64,0,0,ドラゴンテイル,1/64,×,×,△,×,×,×,◎,○,◎,○,○,○,△,×,◎,◎,◎,×,△,△,○,×,,○,,,,,,,,3,,1,攻撃,火炎の息,攻撃,マホターン,攻撃,火炎の息,0,1,0,1,0,1,確率1,攻撃,*火炎の息,攻撃,*マホターン,攻撃,*火炎の息,攻撃50.2% 火炎の息32.9% マホターン16.9%
アイアンキッズ,175,35,220,175,0,122,105,94,1,0,142,82,1/32,0,0,シルバートレイ,1/128,×,△,○,◎,△,×,△,○,○,◎,◎,◎,○,×,◎,△,◎,×,○,×,○,×,,○,,,,,,,,3,,1,攻撃,冷たい息,攻撃,逃げる,仲間を呼ぶ(同種),冷たい息,0,1,0,0,1,1,確率2,攻撃,*冷たい息,攻撃,逃げる,*仲間を呼ぶ(同種),*冷たい息,攻撃45.5% 冷たい息29.0% 逃げる14.9% 仲間を呼ぶ(同種)10.6%
エビルバイブル,176,36,262,208,33,140,91,95,1,1/16,163,43,1/16,0,0,かしこさのたね,1/256,×,×,×,×,×,×,○,○,◎,○,◎,○,◎,×,○,◎,◎,×,×,△,△,○,,,,,,,,,,1,,1,ザキ,ラリホーマ,攻撃,混乱攻撃,氷の息,火炎の息,1,1,0,1,1,1,ローテB,*ザキ,*ラリホーマ,攻撃,*混乱攻撃,*氷の息,*火炎の息,(ザキorラリホーマ)→(攻撃or混乱攻撃)→(氷の息or火炎の息)
マッドファルコン,177,40,310,247,30,145,99,105,2,1/64,170,100,1/32,0,0,月のおうぎ,1/128,×,×,×,×,×,×,△,○,◎,◎,◎,△,◎,×,○,◎,◎,×,×,×,◎,△,,,,,,,,,,3,,1,攻撃,火炎の息,火炎の息,攻撃,メダパニ,火炎の息,1,1,1,0,1,1,確率2,*攻撃,*火炎の息,*火炎の息,攻撃,*メダパニ,*火炎の息,火炎の息47.8% 攻撃41.6% メダパニ10.6%
フライングデビル,178,40,320,255,30,148,102,100,2,1/16,175,105,1/16,1/512,1/512,ちからのたね,1/256,×,×,△,○,×,×,△,○,◎,◎,◎,△,◎,×,△,◎,◎,×,×,○,◎,×,,,,,,,,,,3,,1,攻撃,ムーンサルト,メラミ,攻撃,ムーンサルト,攻撃,0,1,1,0,1,0,確率2,攻撃,*ムーンサルト,*メラミ,攻撃,*ムーンサルト,攻撃,攻撃47.8% ムーンサルト33.3% メラミ18.8%
シールドオーガ,179,40,250,199,0,139,150,64,0,0,180,120,1/32,0,0,こおりのたて,1/64,△,△,△,△,△,×,△,○,◎,◎,◎,◎,△,×,○,○,◎,△,△,×,△,○,,,,,,,,,,3,,1,攻撃,大防御,攻撃,氷の息,氷の息,仁王立ち,0,0,0,1,1,1,確率1,攻撃,大防御,攻撃,*氷の息,*氷の息,*仁王立ち,攻撃33.7% 氷の息33.3% 大防御16.5% 仁王立ち16.5%
ゾンビソルジャー,180,37,350,278,20,125,75,70,2,0,163,72,1/32,0,0,バトルアックス,1/64,×,×,×,◎,×,×,△,◎,○,△,◎,△,○,×,◎,○,◎,×,○,×,△,×,,,○,,,,,,,3,,1,攻撃,毒攻撃,ルカナン,マヒ攻撃,攻撃,眠り攻撃,0,1,1,1,0,1,確率1,攻撃,*毒攻撃,*ルカナン,*マヒ攻撃,攻撃,*眠り攻撃,攻撃33.3% ルカナン16.9% マヒ攻撃16.9% 毒攻撃16.5% 眠り攻撃16.5%
デーモントード,181,37,220,175,0,130,85,72,1,0,160,90,1/64,0,0,スライムピアス,1/128,×,×,×,×,×,×,△,△,△,○,◎,◎,△,×,◎,△,◎,×,×,×,△,×,,,,,,,,,,3,,1,攻撃,なめまわし,毒の息,攻撃,攻撃,仲間を呼ぶ(同種),0,1,1,0,0,1,確率2,攻撃,*なめまわし,*毒の息,攻撃,攻撃,*仲間を呼ぶ(同種),攻撃52.2% なめまわし22.7% 毒の息18.8% 仲間を呼ぶ(同種)6.3%
ブラッドハンド,182,36,185,147,50,125,60,112,2,0,141,50,1/64,0,0,メガザルのうでわ,1/4096,×,×,×,×,×,×,×,△,◎,○,◎,△,○,×,○,○,◎,×,×,×,◎,×,,,○,,,,,,,3,,1,仲間を呼ぶ(ホールファントム),攻撃,仲間を呼ぶ(同種),攻撃,ヒャド,攻撃,1,0,1,0,1,0,確率2,*仲間を呼ぶ(ホールファントム),攻撃,*仲間を呼ぶ(同種),攻撃,*ヒャド,攻撃,攻撃43.9% 仲間を呼ぶ(ホールファントム)26.7% 仲間を呼ぶ(同種)18.8% ヒャド10.6%
ゴールドキッズ,183,37,215,171,0,135,105,105,0,1/64,155,210,1/32,0,0,金のブレスレット,1/256,△,△,△,△,○,×,△,○,○,◎,◎,◎,△,×,◎,○,◎,×,×,○,○,△,,○,,○,,,,,,3,,1,攻撃,火炎の息,攻撃,攻撃,火炎の息,攻撃,0,1,0,0,1,0,確率1,攻撃,*火炎の息,攻撃,攻撃,*火炎の息,攻撃,攻撃67.1% 火炎の息32.9%
サンダーサタン,184,38,259,206,0,142,100,91,1,0,180,95,1/32,0,0,いかずちの杖,1/128,×,×,×,△,△,◎,△,△,○,○,◎,◎,△,×,○,△,◎,×,○,×,△,×,,,,,,,,,,3,,1,攻撃,稲妻,攻撃,ボディアタック,稲妻,まぶしい光,0,1,0,1,1,1,確率2,攻撃,*稲妻,攻撃,*ボディアタック,*稲妻,*まぶしい光,攻撃45.5% 稲妻33.3% ボディアタック14.9% まぶしい光6.3%
スライムエンペラー,185,38,310,247,16,155,125,85,1,0,410,300,1/32,0,0,女神のゆびわ,1/256,×,×,×,×,△,×,×,◎,◎,◎,◎,△,◎,×,◎,◎,◎,×,×,×,○,◎,,,,,○,,,,,3,,1,ザオラル,押しつぶす,攻撃,マホターン,押しつぶす,攻撃,1,1,0,1,1,0,確率2,*ザオラル,*押しつぶす,攻撃,*マホターン,*押しつぶす,攻撃,押しつぶす33.3% ザオラル26.7% 攻撃25.1% マホターン14.9%
まかいぐんし,186,39,345,274,50,150,108,94,1,0,175,95,1/64,0,0,ルーンスタッフ,1/128,×,△,○,×,△,×,○,○,◎,◎,○,○,◎,×,×,◎,◎,×,×,◎,◎,△,,,,,,,,,,1,,1,攻撃,イオラ,バギマ,メラミ,攻撃,まぶしい光,0,1,1,1,0,1,確率2,攻撃,*イオラ,*バギマ,*メラミ,攻撃,*まぶしい光,攻撃37.3% イオラ22.7% バギマ18.8% メラミ14.9% まぶしい光6.3%
鉄球まじん,187,39,325,258,0,160,85,85,0,0,180,80,1/32,0,0,皮のこしまき,1/64,×,×,△,×,○,×,△,◎,◎,◎,◎,◎,○,×,○,○,◎,×,×,△,◎,×,,,,,,,,,,1,,1,攻撃,攻撃,武器を振り回す,痛恨の一撃(攻撃×2.5),武器を振り回す,攻撃,0,0,1,1,1,0,確率1,攻撃,攻撃,*武器を振り回す,*痛恨の一撃(攻撃×2.5),*武器を振り回す,攻撃,攻撃49.8% 武器を振り回す33.3% 痛恨の一撃(攻撃×2.5)16.9%
ジェネラルダンテ,188,39,335,266,35,158,112,97,2,1/64,188,108,1/64,0,0,はでな服,1/64,×,○,○,○,×,×,◎,◎,◎,◎,◎,○,○,×,○,◎,◎,×,×,○,○,△,,,,,,,,,,1,,1,攻撃,マホトーン,ベギラマ,痛恨の一撃(攻撃×2.5),攻撃,瞑想,0,1,1,1,0,1,確率2,攻撃,*マホトーン,*ベギラマ,*痛恨の一撃(攻撃×2.5),攻撃,*瞑想,攻撃37.3% マホトーン22.7% ベギラマ18.8% 痛恨の一撃(攻撃×2.5)14.9% 瞑想6.3%
ランプのまおう,189,23,350,278,0,170,105,88,0,1/64,200,117,1/64,0,0,きぞくの服,1/128,×,×,×,×,○,×,○,○,◎,◎,◎,◎,○,×,◎,◎,◎,×,×,○,○,○,,,,○,,,,,,1,,1,攻撃,笑いながら攻撃,追い風,かまいたち,のしかかる,かまいたち,0,1,1,1,1,1,確率1,攻撃,*笑いながら攻撃,*追い風,*かまいたち,*のしかかる,*かまいたち,かまいたち33.3% 攻撃16.9% 追い風16.9% 笑いながら攻撃16.5% のしかかる16.5%
なし,190,23,30000,23906,100,10,10,10,0,0,10,10,0,0,0,なし,1,×,×,×,×,×,×,×,×,×,×,×,×,×,×,×,×,×,×,×,×,×,×,,,,,,,,,,2,,1,攻撃,攻撃,攻撃,攻撃,攻撃,攻撃,0,0,0,0,0,0,確率1,攻撃,攻撃,攻撃,攻撃,攻撃,攻撃,攻撃100.0%
ボアソルジャー,191,37,292,232,0,148,97,81,2,0,173,104,1/32,0,0,皮のこしまき,1/64,×,×,△,◎,×,×,○,△,○,◎,◎,◎,△,×,○,○,◎,×,○,×,○,×,,,,,,,,,,3,,1,攻撃,力ため,逃げる,砂煙,火炎の息,攻撃,0,1,1,1,1,0,確率1,攻撃,*力ため,*逃げる,*砂煙,*火炎の息,攻撃,攻撃33.3% 逃げる16.9% 砂煙16.9% 力ため16.5% 火炎の息16.5%
アンドレアル,192,39,358,285,0,165,102,84,1,0,190,119,1/16,1/256,1/256,ドラゴンテイル,1/64,×,○,○,△,×,×,○,△,◎,◎,◎,◎,△,×,◎,◎,◎,×,◎,△,○,×,,○,,,,,,,,3,,1,攻撃,激しい炎,攻撃,火炎の息,氷の息,仲間を呼ぶ(ホイミスライム),0,1,0,1,1,1,確率2,攻撃,*激しい炎,攻撃,*火炎の息,*氷の息,*仲間を呼ぶ(ホイミスライム),攻撃45.5% 激しい炎22.7% 火炎の息14.9% 氷の息10.6% 仲間を呼ぶ(ホイミスライム)6.3%
どぐう戦士,193,38,330,262,50,158,120,80,2,0,182,120,1/32,0,0,どうのつるぎ,1/64,○,○,○,△,×,×,○,○,○,◎,○,△,◎,×,◎,◎,◎,×,×,×,○,×,,,,,,,,,,1,,1,攻撃,ルカナン,真空斬り,真空斬り,バイキルト,攻撃,0,1,1,1,1,0,確率1,攻撃,*ルカナン,*真空斬り,*真空斬り,*バイキルト,攻撃,真空斬り33.7% 攻撃33.3% ルカナン16.5% バイキルト16.5%
リビングデッド,194,37,338,269,0,148,68,59,0,0,173,93,1/32,0,0,命のきのみ,1/256,×,×,×,○,◎,×,△,△,○,◎,◎,◎,△,×,◎,○,◎,×,△,×,○,△,,,○,,,,,,,3,,1,わしづかみ,攻撃,毒の息,攻撃,猛毒の霧,仲間を呼ぶ(同種),1,0,1,0,1,1,確率2,*わしづかみ,攻撃,*毒の息,攻撃,*猛毒の霧,*仲間を呼ぶ(同種),攻撃37.6% わしづかみ26.7% 毒の息18.8% 猛毒の霧10.6% 仲間を呼ぶ(同種)6.3%
しびれスライム,195,36,240,191,0,130,70,76,0,1/64,160,58,1/64,0,0,かいがらぼうし,1/64,×,×,×,×,×,×,△,◎,○,◎,◎,◎,△,×,△,○,◎,×,×,×,△,△,,,,,○,,,,,3,,1,攻撃,焼けつく息,攻撃,マヒ攻撃,マヒ攻撃,仲間を呼ぶ(同種),0,1,0,1,1,1,確率2,攻撃,*焼けつく息,攻撃,*マヒ攻撃,*マヒ攻撃,*仲間を呼ぶ(同種),攻撃45.5% マヒ攻撃25.5% 焼けつく息22.7% 仲間を呼ぶ(同種)6.3%
死神きぞく,196,38,365,290,37,162,120,97,0,1/64,205,72,1/32,1/256,1/256,きぞくの服,1/128,×,×,×,△,×,×,△,◎,◎,△,○,△,◎,×,×,◎,◎,×,○,○,△,×,,,○,,,,,,,3,,1,攻撃,氷の息,攻撃,ヒャダルコ,氷の息,ヒャダルコ,0,1,0,1,1,1,確率2,攻撃,*氷の息,攻撃,*ヒャダルコ,*氷の息,*ヒャダルコ,攻撃45.5% 氷の息33.3% ヒャダルコ21.2%
ゲリュオン,197,39,352,280,27,165,110,102,0,1/64,210,102,1/32,1/128,1/128,まじゅうのキバ,1/256,×,×,△,×,◎,×,○,◎,○,◎,○,△,○,×,○,△,◎,×,×,○,◎,×,,,,,,,,,,3,,1,攻撃,痛恨の一撃(攻撃×2.5),バギマ,攻撃,痛恨の一撃(攻撃×2.5),バギマ,0,1,1,0,1,1,確率1,攻撃,*痛恨の一撃(攻撃×2.5),*バギマ,攻撃,*痛恨の一撃(攻撃×2.5),*バギマ,攻撃33.7% バギマ33.3% 痛恨の一撃(攻撃×2.5)32.9%
ケルベロス,198,37,274,218,0,163,120,110,0,1/16,218,111,1/64,0,0,まじゅうのキバ,1/256,×,×,×,×,×,×,△,○,○,△,◎,◎,△,×,○,◎,◎,×,×,○,○,×,,,○,,,,,,,3,,1,攻撃,何度もかみつく,かみつく,攻撃,かみつく,何度もかみつく,0,1,1,0,1,1,確率1,攻撃,*何度もかみつく,*かみつく,攻撃,*かみつく,*何度もかみつく,攻撃33.7% かみつく33.3% 何度もかみつく32.9%
ドラゴンヘビー,199,41,390,310,0,185,130,97,0,0,220,150,1/16,0,0,ドラゴンシールド,1/128,×,×,×,×,◎,×,○,△,○,◎,◎,◎,△,×,○,△,◎,×,×,×,○,×,,○,,,,,,,,3,,1,攻撃,激しい炎,攻撃,わしづかみ,攻撃,地響き,0,1,1,1,0,1,確率1,攻撃,*激しい炎,*攻撃,*わしづかみ,攻撃,*地響き,攻撃50.2% わしづかみ16.9% 激しい炎16.5% 地響き16.5%
ビッグモアイ,200,41,350,278,0,190,160,80,0,0,230,140,1/32,0,0,命の石,1/64,△,○,◎,◎,×,×,◎,○,◎,◎,◎,◎,○,×,○,△,◎,×,×,×,○,×,,,,,,,,,,3,,1,攻撃,押しつぶす,岩石落とし,すりつぶす,攻撃,まぶしい光,0,1,1,1,0,1,確率1,攻撃,*押しつぶす,*岩石落とし,*すりつぶす,攻撃,*まぶしい光,攻撃33.3% 岩石落とし16.9% すりつぶす16.9% 押しつぶす16.5% まぶしい光16.5%
まどう兵,201,41,310,247,50,182,120,99,2,1/64,235,132,1/32,0,0,ルーンスタッフ,1/128,×,×,×,○,×,×,△,△,○,◎,○,△,△,×,△,◎,◎,×,△,×,△,△,,,,,,,,,初回,3,,1,攻撃,ヒャダルコ,マホトーン,武器を振り回す,攻撃,武器を振り回す,0,1,1,1,0,1,確率2,攻撃,*ヒャダルコ,*マホトーン,*武器を振り回す,攻撃,*武器を振り回す,攻撃37.3% ヒャダルコ22.7% 武器を振り回す21.2% マホトーン18.8%
メタルキング,202,45,20,15,60,169,999,255,0,1/64,33000,100,1/32,0,0,しあわせのくつ,1/256,◎,◎,◎,◎,◎,◎,◎,◎,◎,◎,◎,◎,◎,◎,◎,○,◎,◎,◎,◎,◎,◎,○,,,,○,,,,,3,,1,攻撃,バギマ,逃げる,ボディアタック,逃げる,攻撃,0,1,0,1,0,0,確率1,攻撃,*バギマ,逃げる,*ボディアタック,逃げる,攻撃,攻撃33.3% 逃げる33.3% ボディアタック16.9% バギマ16.5%
ギガミュータント,203,42,400,318,0,205,110,92,0,0,240,125,1/32,1/1024,1/1024,はがねのキバ,1/64,×,×,×,○,◎,×,△,○,◎,◎,◎,◎,△,×,○,△,◎,×,×,×,○,×,,,,○,,,,,,3,,1,攻撃,氷の息,攻撃,氷の息,攻撃,氷の息,0,1,0,1,0,1,確率2,攻撃,*氷の息,攻撃,*氷の息,攻撃,*氷の息,攻撃56.1% 氷の息43.9%
グレイトホーン,204,42,355,282,50,185,135,95,1,1/64,242,150,1/32,0,0,ちからのゆびわ,1/128,×,×,×,×,◎,×,◎,◎,◎,◎,○,△,◎,△,×,◎,◎,×,×,○,◎,×,,,,,,,,,,3,,1,踏みつける,攻撃,力ため,メラミ,ライデイン,痛恨の一撃(攻撃×2.5),1,0,1,1,1,1,確率1,*踏みつける,攻撃,*力ため,*メラミ,*ライデイン,*痛恨の一撃(攻撃×2.5),踏みつける16.9% 力ため16.9% メラミ16.9% 攻撃16.5% ライデイン16.5% 痛恨の一撃(攻撃×2.5)16.5%
デーモンレスラー,205,43,375,298,70,188,120,105,2,1/64,250,142,1/64,0,0,ちからのたね,1/256,×,×,△,△,△,×,○,◎,◎,◎,○,○,△,△,○,○,◎,×,×,△,○,×,,,,,,,,,,1,,1,攻撃,ラリホーマ,イオラ,攻撃,イオラ,笑う,0,1,1,0,1,1,確率1,攻撃,*ラリホーマ,*イオラ,攻撃,*イオラ,*笑う,攻撃33.7% イオラ33.3% ラリホーマ16.5% 笑う16.5%
メダパニシックル,206,40,280,223,15,160,82,110,1,1/64,180,70,1/16,0,0,まんげつ草,1/64,×,×,×,×,×,×,△,○,○,◎,◎,○,◎,×,△,○,◎,×,×,×,△,△,,,,,,,,,,3,,1,攻撃,爪できりさく,メダパニ,爪できりさく,メダパニ,混乱攻撃,0,1,1,1,1,1,確率1,攻撃,*爪できりさく,*メダパニ,*爪できりさく,*メダパニ,*混乱攻撃,メダパニ33.3% 爪できりさく33.3% 攻撃16.9% 混乱攻撃16.5%
マジックアーマー,207,41,315,251,20,175,200,95,2,0,215,138,1/32,0,0,まほうのよろい,1/128,○,○,○,○,○,△,○,◎,◎,◎,◎,△,○,×,○,◎,◎,△,△,×,◎,○,,,,,,,,,,1,,1,攻撃,火炎斬り,ムーンサルト,マホターン,火炎斬り,魔神斬り,0,1,1,1,1,1,確率1,攻撃,*火炎斬り,*ムーンサルト,*マホターン,*火炎斬り,*魔神斬り,火炎斬り32.9% 攻撃16.9% ムーンサルト16.9% マホターン16.9% 魔神斬り16.5%
ヌーデビル,208,42,360,286,50,180,135,83,0,0,233,121,1/16,0,0,こおりのやいば,1/64,×,×,×,×,○,×,△,○,○,◎,○,○,○,×,△,○,◎,×,×,×,△,×,,,,,,,,,,3,,1,攻撃,踏みつける,バギマ,イオラ,踏みつける,攻撃,0,1,1,1,1,0,確率1,攻撃,*踏みつける,*バギマ,*イオラ,*踏みつける,攻撃,攻撃33.3% 踏みつける32.9% バギマ16.9% イオラ16.9%
じごくの番犬,209,42,300,239,0,175,130,123,0,1/16,195,95,1/16,0,0,はがねのキバ,1/64,×,×,×,○,×,×,○,○,○,◎,◎,◎,◎,×,○,○,◎,×,×,×,◎,△,,,○,,,,,,,3,,1,攻撃,何度もかみつく,攻撃,攻撃,何度もかみつく,何度もかみつく,0,1,0,0,1,1,確率2,攻撃,*何度もかみつく,攻撃,攻撃,*何度もかみつく,*何度もかみつく,攻撃60.4% 何度もかみつく39.6%
ドラグナー,210,43,420,334,0,190,140,88,0,0,227,103,1/32,0,0,キラーピアス,1/128,×,×,△,×,△,×,△,△,◎,◎,◎,◎,○,△,○,○,◎,×,×,×,◎,×,,○,,,,,,,,3,,1,地響き,火炎の息,攻撃,わしづかみ,攻撃,地響き,1,1,0,1,0,1,確率2,*地響き,*火炎の息,攻撃,*わしづかみ,攻撃,*地響き,地響き32.9% 攻撃29.4% 火炎の息22.7% わしづかみ14.9%
ホールファントム,211,47,450,358,33,205,111,97,1,1/64,510,162,1/8,0,0,風神のたて,1/64,×,×,×,×,×,×,○,○,◎,◎,○,△,◎,×,×,○,◎,×,×,△,◎,○,,,,,,,,,,3,,1~2,攻撃,石つぶて,力ため,マヌーサ,雄叫び,攻撃,0,1,1,1,1,0,確率1,攻撃,*石つぶて,*力ため,*マヌーサ,*雄叫び,攻撃,攻撃33.3% 力ため16.9% マヌーサ16.9% 石つぶて16.5% 雄叫び16.5%
ヘルビースト,212,43,313,249,0,172,135,99,1,0,222,122,1/32,0,0,パワーナックル,1/128,×,×,×,○,△,×,◎,◎,○,◎,◎,◎,◎,×,△,◎,×,×,×,×,◎,×,,,,,,,,,,3,,1,氷の息,ジャンプ攻撃,まぶしい光,攻撃,死の踊り,攻撃,1,1,1,0,1,0,確率2,*氷の息,*ジャンプ攻撃,*まぶしい光,攻撃,*死の踊り,攻撃,氷の息26.7% ジャンプ攻撃22.7% 攻撃21.2% まぶしい光18.8% 死の踊り10.6%
なし,213,43,30000,23906,100,10,10,10,0,0,10,10,0,0,0,なし,1,×,×,×,×,×,×,×,×,×,×,×,×,×,×,×,×,×,×,×,×,×,×,,,,,,,,,,2,,1,攻撃,攻撃,攻撃,攻撃,攻撃,攻撃,0,0,0,0,0,0,確率1,攻撃,攻撃,攻撃,攻撃,攻撃,攻撃,攻撃100.0%
ダークビショップ,214,44,380,302,90,172,147,99,2,1/64,257,148,1/64,1/1024,1/1024,マグマの杖,1/128,△,△,△,△,△,×,△,○,◎,◎,○,○,◎,×,◎,◎,◎,△,△,○,◎,△,,,,,,,,,,1,,1,攻撃,マヒャド,攻撃,バイキルト,バギマ,稲妻,0,1,0,1,1,1,確率1,攻撃,*マヒャド,攻撃,*バイキルト,*バギマ,*稲妻,攻撃33.7% バイキルト16.9% マヒャド16.5% バギマ16.5% 稲妻16.5%
モシャスナイト,215,44,315,251,100,181,150,105,1,1/16,268,92,1/32,0,0,はじゃのつるぎ,1/64,×,×,×,△,×,×,○,◎,◎,◎,◎,○,◎,×,◎,◎,◎,×,×,○,◎,○,,,,,,,,,,3,,1,痛恨の一撃(攻撃×2.5),モシャス,攻撃,痛恨の一撃(攻撃×2.5),攻撃,モシャス,1,1,0,1,0,1,確率1,*痛恨の一撃(攻撃×2.5),*モシャス,攻撃,*痛恨の一撃(攻撃×2.5),攻撃,*モシャス,痛恨の一撃(攻撃×2.5)33.7% 攻撃33.3% モシャス32.9%
ドラゴンコープス,216,44,456,363,0,193,92,63,0,0,280,73,1/32,0,0,命のきのみ,1/256,×,×,×,○,◎,×,○,◎,◎,◎,◎,◎,◎,×,◎,○,◎,×,×,×,◎,×,,○,○,,,,,,低HP,3,,1,攻撃,氷の息,攻撃,攻撃,凍える吹雪,氷の息,0,1,0,0,1,1,確率2,攻撃,*氷の息,攻撃,攻撃,*凍える吹雪,*氷の息,攻撃60.4% 氷の息29.0% 凍える吹雪10.6%
メガザルロック,217,44,411,327,50,182,130,78,2,0,262,107,1/16,0,0,メガザルのうでわ,1/256,△,△,△,△,△,×,○,○,◎,◎,○,○,◎,△,×,◎,◎,×,×,×,◎,△,,,,,,,,,,3,,1,力ため,メガザル,メガザル,攻撃,笑いながら攻撃,笑いながら攻撃,1,1,1,0,1,1,確率2,*力ため,*メガザル,*メガザル,攻撃,*笑いながら攻撃,*笑いながら攻撃,メガザル41.6% 力ため26.7% 笑いながら攻撃16.9% 攻撃14.9%
にじくじゃく,218,45,456,363,120,200,150,95,2,0,300,155,1/32,1/1024,1/1024,月のおうぎ,1/64,×,○,○,×,×,×,○,◎,◎,◎,○,△,◎,×,◎,◎,◎,×,×,△,◎,△,,,,○,,,,,,3,,1,攻撃,ベギラゴン,激しい炎,攻撃,ベギラゴン,激しい炎,0,1,1,0,1,1,ローテD,攻撃,*ベギラゴン,*激しい炎,攻撃,*ベギラゴン,*激しい炎,[グループ]攻撃→ベギラゴン→激しい炎→攻撃→ベギラゴン→激しい炎
呪いのつるぎ,219,43,283,225,0,210,160,107,0,1/16,266,133,1/32,0,0,もろはのつるぎ,1/256,×,×,×,×,×,◎,○,◎,○,◎,◎,◎,○,×,◎,◎,◎,×,×,△,◎,△,,,○,,,,,,低HP,3,,1,攻撃,剣の舞,攻撃,マヒ攻撃,剣の舞,マヒ攻撃,0,1,0,1,1,1,確率1,攻撃,*剣の舞,攻撃,*マヒ攻撃,*剣の舞,*マヒ攻撃,攻撃33.7% マヒ攻撃33.3% 剣の舞32.9%
ホラーウォーカー,220,42,325,258,50,179,117,92,1,0,248,124,1/32,0,0,パーティドレス,1/128,×,×,×,×,×,◎,◎,○,◎,◎,○,△,○,×,◎,○,◎,×,×,×,◎,×,,,,,,,,,,3,,1,攻撃,ルカナン,稲妻,攻撃,ボディアタック,ルカナン,0,1,1,0,1,1,確率1,攻撃,*ルカナン,*稲妻,攻撃,*ボディアタック,*ルカナン,攻撃33.7% ルカナン32.9% 稲妻16.9% ボディアタック16.5%
ランガー,221,46,380,302,20,200,160,125,2,1/64,297,160,1/64,0,0,ドラゴンクロウ,1/128,×,×,△,○,△,×,○,◎,○,◎,◎,△,○,×,○,◎,◎,×,×,△,○,△,,,,○,,,,,,3,,1~2,攻撃,ムーンサルト,フバーハ,マホカンタ,攻撃,ムーンサルト,0,1,1,1,0,1,確率2,攻撃,*ムーンサルト,*フバーハ,*マホカンタ,攻撃,*ムーンサルト,攻撃37.3% ムーンサルト29.0% フバーハ18.8% マホカンタ14.9%
こうてつまじん,222,46,300,239,30,230,150,92,2,0,290,155,1/32,0,0,ちからのたね,1/256,△,△,△,○,○,×,△,○,◎,◎,○,△,○,△,◎,○,◎,△,△,×,◎,×,,,,,,,,,,1,,1,攻撃,痛恨の一撃(攻撃×2.5),スカラ,火炎の息,凍てつく波動,攻撃,0,1,1,1,1,0,確率1,攻撃,*痛恨の一撃(攻撃×2.5),*スカラ,*火炎の息,*凍てつく波動,攻撃,攻撃33.3% スカラ16.9% 火炎の息16.9% 痛恨の一撃(攻撃×2.5)16.5% 凍てつく波動16.5%
ヘルバトラー,223,47,410,326,70,210,145,100,1,0,300,175,1/16,0,0,さばきの杖,1/128,×,×,○,×,△,×,◎,◎,◎,◎,◎,○,◎,△,○,○,◎,×,×,○,◎,×,,,,,,,,,,3,,1,攻撃,イオナズン,激しい炎,攻撃,メラミ,不気味な光,0,1,1,0,1,1,確率1,攻撃,*イオナズン,*激しい炎,攻撃,*メラミ,*不気味な光,攻撃33.7% 激しい炎16.9% イオナズン16.5% メラミ16.5% 不気味な光16.5%
オーガキング,224,47,360,286,0,195,135,115,1,0,270,200,1/32,0,0,オーガシールド,1/256,×,×,×,○,◎,×,△,◎,◎,◎,◎,◎,◎,△,○,◎,◎,△,△,△,○,×,,,,,,,,,,3,,1,攻撃,大防御,氷の息,氷の息,攻撃,妖しい瞳,0,1,1,1,0,1,確率1,攻撃,*大防御,*氷の息,*氷の息,攻撃,*妖しい瞳,氷の息33.7% 攻撃33.3% 大防御16.5% 妖しい瞳16.5%
ケベナヒモス,225,48,385,306,50,185,120,122,2,1/64,295,110,1/32,0,0,まじゅうのツメ,1/128,△,△,△,△,◎,×,△,○,○,△,◎,○,×,△,◎,◎,◎,×,×,×,△,×,,○,,,,,,,,3,,1,攻撃,氷の息,攻撃,ベホマラー,氷の息,氷の息,0,1,0,1,1,1,確率1,攻撃,*氷の息,攻撃,*ベホマラー,*氷の息,*氷の息,氷の息49.4% 攻撃33.7% ベホマラー16.9%
デスクリーチャー,226,46,280,223,42,182,130,78,1,1/64,230,70,1/16,0,0,命のきのみ,1/256,×,×,×,×,△,×,○,△,○,△,◎,◎,○,×,△,◎,◎,×,×,△,○,×,,,○,,,,,,最後尾,3,,1,攻撃,百裂なめ,攻撃,ザキ,様子を見る,パルプンテ,0,0,0,1,0,1,ローテD,攻撃,百裂なめ,攻撃,*ザキ,様子を見る,*パルプンテ,[グループ]攻撃→百裂なめ→攻撃→ザキ→様子を見る→パルプンテ
なし,227,46,30000,23906,100,10,10,10,0,0,10,10,0,0,0,なし,1,×,×,×,×,×,×,×,×,×,×,×,×,×,×,×,×,×,×,×,×,×,×,,,,,,,,,,0,,1,攻撃,攻撃,攻撃,攻撃,攻撃,攻撃,0,0,0,0,0,0,確率1,攻撃,攻撃,攻撃,攻撃,攻撃,攻撃,攻撃100.0%
ナイトリッチ,228,47,420,334,0,220,200,92,2,1/64,400,140,1/64,0,0,はめつのたて,1/128,×,×,×,○,×,×,◎,◎,◎,○,◎,○,◎,△,◎,◎,◎,×,○,◎,◎,×,,,○,,,,,,,1,,1,攻撃,気合いため,痛恨の一撃(攻撃×2.5),凍える吹雪,マヒャド,ザオラル,0,1,1,1,1,1,確率1,攻撃,*気合いため,*痛恨の一撃(攻撃×2.5),*凍える吹雪,*マヒャド,*ザオラル,攻撃16.9% 痛恨の一撃(攻撃×2.5)16.9% 凍える吹雪16.9% 気合いため16.5% マヒャド16.5% ザオラル16.5%
コロヒーロー,229,9,45,35,13,38,30,20,0,1/64,25,25,1/16,0,0,やくそう,1/64,×,×,×,×,×,×,△,△,△,◎,○,△,△,×,×,△,◎,×,×,×,△,×,,,,,,,,,,3,,1,攻撃,ミス,スカラ,ギガデイン,攻撃,ミス,0,1,1,1,0,1,確率1,攻撃,*ミス,*スカラ,*ギガデイン,攻撃,*ミス,攻撃33.3% ミス32.9% スカラ16.9% ギガデイン16.9%
コロマージ,230,9,32,25,19,22,27,23,0,1/64,23,18,1/16,0,0,まだらくも糸,1/64,×,×,×,×,×,×,×,△,△,◎,○,△,△,×,×,○,◎,×,×,×,△,×,,,,,,,,,,3,,1,メラ,攻撃,ヒャド,ルカニ,イオナズン,攻撃,0,0,0,0,0,0,ローテA,メラ,攻撃,ヒャド,ルカニ,イオナズン,攻撃,メラ→攻撃→ヒャド→ルカニ→イオナズン→攻撃
コロファイター,231,9,50,39,0,43,35,17,0,1/64,24,9,1/16,0,0,どくけし草,1/64,×,×,×,×,×,×,△,△,△,◎,◎,◎,△,×,×,×,◎,×,×,×,△,×,,,,,,,,,,3,,1,攻撃,攻撃,ミス,攻撃,ミス,攻撃,0,0,1,0,1,0,確率1,攻撃,攻撃,*ミス,攻撃,*ミス,攻撃,攻撃66.7% ミス33.3%
コロプリースト,232,9,37,29,19,30,33,19,0,1/64,22,12,1/16,0,0,せいすい,1/64,×,×,×,×,×,×,×,△,○,◎,○,○,△,×,×,△,◎,×,×,×,△,×,,,,,,,,,,3,,1,攻撃,ホイミ,ベホマズン,ホイミ,ベホマズン,ホイミ,0,1,1,1,1,1,確率1,攻撃,*ホイミ,*ベホマズン,*ホイミ,*ベホマズン,*ホイミ,ホイミ49.8% ベホマズン33.3% 攻撃16.9%
プチヒーロー,233,26,150,119,19,75,60,38,0,1/64,72,50,1/32,0,0,せかいじゅのしずく,1/128,×,×,×,×,×,×,×,△,○,◎,○,△,△,×,×,△,◎,×,×,×,○,×,,,,,,,,,,3,,1,攻撃,ホイミ,アルテマソード,ミス,バギ,攻撃,0,1,1,1,1,0,確率1,攻撃,*ホイミ,*アルテマソード,*ミス,*バギ,攻撃,攻撃33.3% アルテマソード16.9% ミス16.9% ホイミ16.5% バギ16.5%
プチマージ,234,26,120,95,22,55,40,45,0,1/64,68,40,1/32,0,0,まほうのせいすい,1/128,×,×,×,×,×,×,×,△,○,◎,○,○,△,×,×,○,◎,×,×,×,○,×,,,,,,,,,,3,,1,ギラ,攻撃,イオ,ルカナン,ザラキーマ,攻撃,0,0,0,0,0,0,ローテA,ギラ,攻撃,イオ,ルカナン,ザラキーマ,攻撃,ギラ→攻撃→イオ→ルカナン→ザラキーマ→攻撃
プチファイター,235,26,180,143,0,85,65,30,0,1/64,70,22,1/32,0,0,ちからのたね,1/256,×,×,×,×,×,×,×,△,○,◎,◎,◎,△,×,×,×,◎,×,×,×,○,×,,,,,,,,,,3,,1,攻撃,攻撃,ミス,攻撃,攻撃,ミス,0,0,1,0,0,1,確率1,攻撃,攻撃,*ミス,攻撃,攻撃,*ミス,攻撃66.7% ミス33.3%
プチプリースト,236,26,140,111,19,68,50,41,0,0,75,33,1/32,0,0,せかいじゅの葉,1/128,×,×,×,×,×,×,×,△,◎,◎,◎,○,△,×,×,△,◎,×,×,×,○,×,,,,,,,,,,3,,1,攻撃,ベホイミ,ベホマズン,ベホイミ,ベホマズン,ベホイミ,0,1,1,1,1,1,確率1,攻撃,*ベホイミ,*ベホマズン,*ベホイミ,*ベホマズン,*ベホイミ,ベホイミ49.8% ベホマズン33.3% 攻撃16.9%
つのうしがい,237,7,32,25,4,20,21,8,1,0,12,8,1/32,0,0,やくそう,1/64,×,×,×,×,△,×,×,△,×,○,△,×,×,×,×,×,◎,×,×,×,×,×,,,,,,,,,,3,,1,攻撃,ヒャド,ボディアタック,防御,攻撃,ボディアタック,0,1,1,0,0,1,確率1,攻撃,*ヒャド,*ボディアタック,防御,攻撃,*ボディアタック,攻撃33.3% ボディアタック33.3% 防御16.9% ヒャド16.5%
ベビーニュート,238,24,85,67,0,71,48,27,1,1/64,62,32,1/32,0,0,やくそう,1/64,×,×,×,×,×,×,△,○,○,◎,◎,◎,△,△,×,△,◎,△,△,×,○,×,,○,,,,,,,,3,,1,攻撃,冷たい息,攻撃,冷たい息,火炎の息,逃げる,0,1,0,1,1,1,確率1,攻撃,*冷たい息,攻撃,*冷たい息,*火炎の息,*逃げる,攻撃33.7% 冷たい息33.3% 火炎の息16.5% 逃げる16.5%
メラリザード,239,11,49,39,20,40,32,20,1,1/64,30,20,1/32,0,0,やくそう,1/64,×,×,×,×,×,×,△,△,○,◎,◎,△,×,×,×,×,◎,△,×,×,△,×,,○,,,,,,,,3,,1,攻撃,火炎の息,メラ,火炎の息,攻撃,逃げる,0,1,1,1,0,1,確率1,攻撃,*火炎の息,*メラ,*火炎の息,攻撃,*逃げる,攻撃33.3% 火炎の息33.3% メラ16.9% 逃げる16.5%
ドラゴンキッズ,240,33,140,111,0,101,65,35,1,1/64,124,73,1/16,0,0,キトンシールド,1/128,×,×,×,×,×,×,△,○,○,◎,◎,◎,○,△,×,○,◎,○,○,×,◎,×,,○,,,,,,,,3,,1,攻撃,火炎の息,攻撃,火炎の息,氷の息,逃げる,0,1,0,1,1,1,確率1,攻撃,*火炎の息,攻撃,*火炎の息,*氷の息,*逃げる,攻撃33.7% 火炎の息33.3% 氷の息16.5% 逃げる16.5%
ギガントドラゴン,241,48,520,414,50,220,130,82,1,0,330,130,1/64,0,0,まじんのよろい,1/128,×,△,○,×,○,×,○,○,○,◎,○,○,○,△,◎,○,◎,△,×,×,◎,×,,○,,,,,,,,3,,1,攻撃,灼熱,攻撃,バギクロス,激しい炎,地響き,0,1,0,1,1,1,確率1,攻撃,*灼熱,攻撃,*バギクロス,*激しい炎,*地響き,攻撃33.7% バギクロス16.9% 灼熱16.5% 激しい炎16.5% 地響き16.5%
ネクロバルサ,242,49,440,350,65,203,135,102,1,1/64,310,142,1/64,0,0,なげきのたて,1/64,×,×,×,△,△,○,○,◎,◎,◎,○,△,◎,△,○,◎,◎,×,×,×,○,○,,,,,,,,,,3,,1,攻撃,バイキルト,ライデイン,痛恨の一撃(攻撃×2.5),攻撃,痛恨の一撃(攻撃×2.5),0,1,1,1,0,1,確率1,攻撃,*バイキルト,*ライデイン,*痛恨の一撃(攻撃×2.5),攻撃,*痛恨の一撃(攻撃×2.5),攻撃33.3% 痛恨の一撃(攻撃×2.5)33.3% ライデイン16.9% バイキルト16.5%
まかいじゅう,243,49,560,446,36,227,130,77,2,0,360,82,1/32,0,0,まじゅうのツメ,1/128,×,×,×,○,×,×,△,△,○,○,○,○,△,×,◎,○,◎,×,×,×,○,×,,,,,,,,,,3,,1,攻撃,踏みつける,攻撃,マジックバリア,踏みつける,マジックバリア,0,0,0,1,0,1,確率1,攻撃,踏みつける,攻撃,*マジックバリア,踏みつける,*マジックバリア,攻撃33.7% マジックバリア33.3% 踏みつける32.9%
だいまどう,244,50,450,358,100,215,141,110,2,1/64,410,150,1/64,0,0,しゅくふくの杖,1/256,○,○,○,○,○,×,△,◎,◎,◎,△,○,◎,△,◎,◎,◎,×,×,×,◎,○,,,,,,,,,,1,,1,ザオリク,凍てつく波動,イオナズン,攻撃,激しい炎,灼熱,1,1,1,0,1,1,確率4,*ザオリク,*凍てつく波動,*イオナズン,攻撃,*激しい炎,*灼熱,ザオリク27.3% 凍てつく波動27.3% イオナズン27.3% 攻撃6.3% 激しい炎6.3% 灼熱5.5%
スライムＬｖ８,245,10,120,95,100,58,35,30,2,0,150,50,1/32,0,0,やくそう,1/4096,×,×,×,×,×,×,△,△,△,△,△,◎,△,×,×,△,◎,×,×,×,△,×,,,,,,,,,,3,,1,合体(キングスライム),仲間を呼ぶ(複数),攻撃,仲間を呼ぶ(複数),攻撃,攻撃,0,0,0,0,0,0,確率3,合体(キングスライム),仲間を呼ぶ(複数),攻撃,仲間を呼ぶ(複数),攻撃,攻撃,合体(キングスライム)78.4% 仲間を呼ぶ(複数)17.3% 攻撃4.3%
メタルスライムＳ,246,10,8,6,100,70,500,255,2,0,1050,120,1/32,0,0,やくそう,1/4096,◎,◎,◎,◎,◎,◎,◎,◎,◎,◎,◎,◎,◎,◎,◎,◎,◎,◎,◎,◎,◎,◎,,,,,,,,,,3,,1,合体(メタルキング),仲間を呼ぶ(複数),逃げる,攻撃,逃げる,ギラ,0,0,0,0,0,1,確率3,合体(メタルキング),仲間を呼ぶ(複数),逃げる,攻撃,逃げる,*ギラ,合体(メタルキング)78.4% 仲間を呼ぶ(複数)15.7% 逃げる4.3% 攻撃1.6% ギラ0.0%
バーバリアン,247,47,370,294,0,200,121,99,2,1/16,280,92,1/16,0,0,まじんのオノ,1/256,×,×,×,×,×,×,○,○,◎,◎,◎,◎,○,×,×,○,△,×,×,×,○,×,,,,,,,,,,3,,1,攻撃,痛恨の一撃,攻撃,ハッスルダンス,痛恨の一撃,ハッスルダンス,0,1,0,1,1,1,確率2,攻撃,*痛恨の一撃,攻撃,*ハッスルダンス,*痛恨の一撃,*ハッスルダンス,攻撃45.5% 痛恨の一撃33.3% ハッスルダンス21.2%
デスカイザー,248,51,520,414,50,220,123,120,2,0,340,118,1/32,0,0,ふぶきのつるぎ,1/256,×,△,○,○,○,×,◎,◎,◎,◎,◎,◎,○,×,◎,◎,◎,×,×,△,◎,△,,,,,,,,,,3,,1,不気味な光,攻撃,イオナズン,攻撃,凍える吹雪,凍える吹雪,1,0,1,0,1,1,確率2,*不気味な光,攻撃,*イオナズン,攻撃,*凍える吹雪,*凍える吹雪,攻撃37.6% 不気味な光26.7% イオナズン18.8% 凍える吹雪16.9%
ブラックサンタ,249,42,350,278,0,190,90,107,2,1/64,200,125,1/64,0,0,やみのころも,1/256,×,×,×,×,△,○,△,○,○,◎,◎,◎,○,×,○,△,◎,×,×,×,○,×,,,,,,,,,初回,3,,1,攻撃,盗む,攻撃,物を投げる,盗む,逃げる,0,1,0,1,1,0,確率1,攻撃,*盗む,攻撃,*物を投げる,*盗む,逃げる,攻撃33.7% 盗む32.9% 物を投げる16.9% 逃げる16.5%
デッドドラグナー,250,52,580,462,0,225,115,92,1,1/64,450,165,1/64,0,0,ちからのたて,1/256,×,△,×,○,◎,×,○,○,◎,◎,◎,◎,○,△,○,◎,◎,×,×,×,◎,×,,○,,,,,,,,3,,1,攻撃,灼熱,灼熱,わしづかみ,わしづかみ,地響き,0,1,1,1,1,1,確率1,攻撃,*灼熱,*灼熱,*わしづかみ,*わしづかみ,*地響き,灼熱33.3% わしづかみ33.3% 攻撃16.9% 地響き16.5%
サタンメイル,251,50,420,334,0,238,170,118,1,1/64,420,140,1/32,0,0,プラチナメイル,1/128,×,×,×,×,○,×,○,○,◎,◎,◎,◎,○,×,◎,◎,◎,×,×,×,○,○,,,,,,反,1/2,,,1,,1~2,攻撃,痛恨の一撃(攻撃×2.5),ムーンサルト,ドラゴン斬り,真空斬り,火炎斬り,0,1,1,1,1,1,確率1,攻撃,*痛恨の一撃(攻撃×2.5),*ムーンサルト,*ドラゴン斬り,*真空斬り,*火炎斬り,攻撃16.9% ムーンサルト16.9% ドラゴン斬り16.9% 痛恨の一撃(攻撃×2.5)16.5% 真空斬り16.5% 火炎斬り16.5%
ブドゥのランプ,252,43,530,422,0,190,165,135,1,1/16,380,210,1/32,0,0,かしこさのたね,1/256,△,△,△,△,△,×,○,◎,◎,◎,◎,◎,◎,△,○,○,◎,×,×,○,○,×,,,,,,,,,,3,,1,攻撃,しっぺ返し,バイキルト,仲間を呼ぶ(まじんブドゥ),攻撃,仲間を呼ぶ(まじんブドゥ),0,1,1,1,0,1,確率1,攻撃,*しっぺ返し,*バイキルト,*仲間を呼ぶ(まじんブドゥ),攻撃,*仲間を呼ぶ(まじんブドゥ),攻撃33.3% 仲間を呼ぶ(まじんブドゥ)33.3% バイキルト16.9% しっぺ返し16.5%
まじんブドゥ,253,52,630,502,100,240,132,108,2,1/64,510,310,1/128,1/1024,1/1024,天使のレオタード,1/128,×,×,×,×,×,◎,○,◎,◎,◎,△,△,◎,×,○,◎,◎,×,×,○,◎,◎,,,,○,,,,,,1,,1,笑いながら攻撃,追い風,押しつぶす,バギクロス,かまいたち,攻撃,1,1,1,1,1,0,確率1,*笑いながら攻撃,*追い風,*押しつぶす,*バギクロス,*かまいたち,攻撃,笑いながら攻撃16.9% 押しつぶす16.9% バギクロス16.9% 追い風16.5% かまいたち16.5% 攻撃16.5%
バスカービル,254,48,420,334,0,225,123,125,1,1/64,385,132,1/64,0,0,あくまのツメ,1/256,×,×,×,○,×,×,○,△,○,◎,◎,◎,○,×,△,△,◎,×,×,×,○,×,,,,,,,,,,3,,1→2,何度もかみつく,攻撃,攻撃,何度もかみつく,攻撃,攻撃,1,0,0,1,0,0,ローテA,*何度もかみつく,攻撃,攻撃,*何度もかみつく,攻撃,攻撃,何度もかみつく→攻撃→攻撃→何度もかみつく→攻撃→攻撃
ドラゴメタル,255,40,100,79,100,77,410,255,2,1/16,2500,50,1/32,0,0,プラチナヘッド,1/128,◎,◎,◎,◎,◎,◎,○,◎,◎,◎,◎,○,○,◎,◎,○,◎,◎,◎,◎,◎,◎,,○,,,○,,,,,3,,1,火炎の息,攻撃,ベホマラー,氷の息,逃げる,攻撃,1,0,1,1,0,0,確率1,*火炎の息,攻撃,*ベホマラー,*氷の息,逃げる,攻撃,攻撃32.9% 火炎の息16.9% ベホマラー16.9% 氷の息16.9% 逃げる16.5%
まかいファイター,256,50,480,382,50,233,128,110,1,1/64,360,123,1/32,0,0,みなごろしの剣,1/256,×,○,×,○,△,×,○,○,◎,◎,○,△,○,×,△,◎,◎,×,×,△,○,×,,,,,,,,,,3,,1,攻撃,ルカナン,斬りつける,仲間を呼ぶ(同種),斬りつける,攻撃,0,1,1,1,1,0,確率1,攻撃,*ルカナン,*斬りつける,*仲間を呼ぶ(同種),*斬りつける,攻撃,攻撃33.3% 斬りつける33.3% 仲間を呼ぶ(同種)16.9% ルカナン16.5%
ポムポムボム,257,52,390,310,30,190,110,103,2,1/16,285,135,1/64,0,0,インテリめがね,1/128,×,×,×,×,×,×,◎,◎,◎,◎,○,○,◎,×,◎,○,△,×,×,×,△,×,,,,○,,,,,,3,,1,メガザルダンス,マジックバリア,攻撃,メダパニダンス,攻撃,メダパニダンス,1,1,0,1,0,1,確率3,*メガザルダンス,*マジックバリア,攻撃,*メダパニダンス,攻撃,*メダパニダンス,メガザルダンス78.4% マジックバリア15.7% 攻撃4.3% メダパニダンス1.6%
ゴーレムーガ,258,42,580,462,0,300,125,72,0,0,345,175,1/32,1/128,1/128,ごうけつのうでわ,1/256,×,×,×,×,◎,○,△,○,○,◎,◎,◎,○,△,△,○,◎,×,×,×,○,×,,,,,,,,,,1,,1,攻撃,痛恨の一撃(攻撃×2.5),踏みつける,力ため,踏みつける,攻撃,0,1,1,1,1,0,確率1,攻撃,*痛恨の一撃(攻撃×2.5),*踏みつける,*力ため,*踏みつける,攻撃,攻撃33.3% 踏みつける33.3% 力ため16.9% 痛恨の一撃(攻撃×2.5)16.5%
なし,259,42,30000,23906,100,10,10,10,0,0,10,10,0,0,0,なし,1,×,×,×,×,×,×,×,×,×,×,×,×,×,×,×,×,×,×,×,×,×,×,,,,,,,,,,2,,1,攻撃,攻撃,攻撃,攻撃,攻撃,攻撃,0,0,0,0,0,0,確率1,攻撃,攻撃,攻撃,攻撃,攻撃,攻撃,攻撃100.0%
パンドラボックス,260,50,900,717,10,240,200,131,1,1/16,630,280,1/16,0,0,ひかりのドレス,1/128,×,△,×,○,△,○,○,◎,◎,◎,△,◎,○,○,○,○,◎,×,×,×,◎,◎,,,,,,,,,,3,,2,ザラキ,攻撃,ザラキ,マホトラ,甘い息,痛恨の一撃,1,0,1,1,1,1,確率2,*ザラキ,攻撃,*ザラキ,*マホトラ,*甘い息,*痛恨の一撃,ザラキ45.5% 攻撃22.7% マホトラ14.9% 甘い息10.6% 痛恨の一撃6.3%
くさったまじゅう,261,51,650,517,0,260,30,45,0,0,420,50,1/32,0,0,ほねつきにく,1/64,×,×,×,×,◎,○,△,△,○,△,◎,◎,◎,×,◎,○,◎,×,×,×,○,×,,,○,,,,,,,3,,1,攻撃,灼熱,攻撃,攻撃,灼熱,激しい炎,0,1,0,0,1,1,確率1,攻撃,*灼熱,攻撃,攻撃,*灼熱,*激しい炎,攻撃50.6% 灼熱32.9% 激しい炎16.5%
キラープラスター,262,53,530,422,0,267,92,102,0,1/64,418,87,1/32,0,0,やいばのよろい,1/128,△,△,△,×,○,×,○,○,◎,◎,◎,◎,○,×,○,◎,△,×,×,×,◎,△,,,,,,,,,,1,,1~2,メタル斬り,剣の舞,攻撃,稲妻斬り,攻撃,剣の舞,1,1,0,1,0,1,確率1,*メタル斬り,*剣の舞,攻撃,*稲妻斬り,攻撃,*剣の舞,攻撃33.3% 剣の舞32.9% メタル斬り16.9% 稲妻斬り16.9%
デビルマスタッシュ,263,54,580,462,90,256,110,95,1,1/64,515,190,1/64,0,0,しんぴのビスチェ,1/128,×,×,×,△,○,◎,◎,◎,◎,◎,○,○,○,△,◎,○,◎,×,×,○,○,△,,,,,,,,,,1,,1,攻撃,ザオラル,スクルト,痛恨の一撃(攻撃×2.5),攻撃,瞑想,0,1,1,1,0,1,確率1,攻撃,*ザオラル,*スクルト,*痛恨の一撃(攻撃×2.5),攻撃,*瞑想,攻撃33.3% スクルト16.9% 痛恨の一撃(攻撃×2.5)16.9% ザオラル16.5% 瞑想16.5%
ゴードンヘッド,264,55,700,557,0,270,170,100,1,0,650,90,1/64,0,0,まじんのかなづち,1/256,○,○,×,×,×,×,○,◎,○,◎,◎,◎,○,△,○,○,◎,×,△,△,○,×,,,,,,,,,,3,,1,攻撃,押しつぶす,岩石落とし,攻撃,不気味な光,岩石落とし,0,1,1,0,1,1,確率1,攻撃,*押しつぶす,*岩石落とし,攻撃,*不気味な光,*岩石落とし,攻撃33.7% 岩石落とし33.3% 押しつぶす16.5% 不気味な光16.5%
プラチナキング,265,60,200,159,100,210,800,255,0,1/64,65000,700,1/256,0,0,しあわせのぼうし,1/128,◎,◎,◎,◎,◎,◎,◎,○,◎,◎,◎,◎,◎,◎,◎,○,◎,◎,◎,◎,◎,◎,○,,,,○,反,1,,,3,,1,攻撃,のしかかる,逃げる,マヌーサ,逃げる,のしかかる,0,1,0,1,0,1,確率2,攻撃,*のしかかる,逃げる,*マヌーサ,逃げる,*のしかかる,逃げる29.4% のしかかる29.0% 攻撃26.7% マヌーサ14.9%
エビルプラント,266,57,610,486,50,280,110,88,1,0,900,210,1/32,0,0,しんぴのビスチェ,1/128,×,×,×,◎,×,×,○,○,○,◎,◎,○,○,×,◎,◎,◎,×,◎,×,○,×,,,,,,,,,,3,,1,攻撃,ラリホーマ,攻撃,猛毒の霧,攻撃,焼けつく息,0,1,0,1,0,1,ローテD,攻撃,*ラリホーマ,攻撃,*猛毒の霧,攻撃,*焼けつく息,[グループ]攻撃→ラリホーマ→攻撃→猛毒の霧→攻撃→焼けつく息
ほうらい大王,267,58,720,573,80,290,135,92,1,0,1050,180,1/256,0,0,ふしぎなぼうし,1/128,○,○,○,×,×,○,○,◎,◎,◎,○,○,◎,○,◎,○,◎,○,△,×,○,△,,,,,,,,,,1,,1,攻撃,ベギラゴン,念じボール,ベギラゴン,攻撃,念じボール,0,1,1,1,0,1,確率1,攻撃,*ベギラゴン,*念じボール,*ベギラゴン,攻撃,*念じボール,攻撃33.3% 念じボール33.3% ベギラゴン33.3%
なし,268,58,30000,23906,100,10,10,10,0,0,10,10,0,0,0,なし,1,×,×,×,×,×,×,×,×,×,×,×,×,×,×,×,×,×,×,×,×,×,×,,,,,,,,,,0,,1,攻撃,攻撃,攻撃,攻撃,攻撃,攻撃,0,0,0,0,0,0,確率1,攻撃,攻撃,攻撃,攻撃,攻撃,攻撃,攻撃100.0%
デスゴーゴン,269,58,700,557,70,300,90,110,1,1/64,750,162,1/128,0,0,まじゅうのツメ,1/128,×,×,×,×,×,×,◎,○,◎,◎,○,○,○,△,○,△,◎,×,×,×,○,△,,,,,,,,,,3,,1,攻撃,踏みつける,パルプンテ,ザラキ,攻撃,踏みつける,0,1,1,1,0,1,確率1,攻撃,*踏みつける,*パルプンテ,*ザラキ,攻撃,*踏みつける,攻撃33.3% 踏みつける32.9% パルプンテ16.9% ザラキ16.9%
エビルエスターク,270,59,750,597,90,410,142,117,2,1/64,990,142,1/128,0,0,バーサカヘルム,1/256,△,△,×,△,△,×,○,◎,◎,◎,○,○,◎,○,△,◎,◎,△,△,△,◎,○,,,,,,,,,,1,,1~2,攻撃,痛恨の一撃(攻撃×2.5),イオナズン,妖しい霧,凍てつく波動,凍える吹雪,0,1,1,1,1,1,確率1,攻撃,*痛恨の一撃(攻撃×2.5),*イオナズン,*妖しい霧,*凍てつく波動,*凍える吹雪,攻撃16.9% イオナズン16.9% 妖しい霧16.9% 痛恨の一撃(攻撃×2.5)16.5% 凍てつく波動16.5% 凍える吹雪16.5%
れんごくまちょう,271,60,870,693,30,330,155,123,2,1/64,1250,185,1/128,0,0,プラチナヘッド,1/128,○,○,○,×,×,×,◎,◎,◎,◎,△,△,◎,○,◎,◎,◎,◎,×,×,◎,×,,,,,,,,,,3,,1,灼熱,攻撃,メダパニ,煉獄火炎,攻撃,煉獄火炎,1,0,1,1,0,1,確率1,*灼熱,攻撃,*メダパニ,*煉獄火炎,攻撃,*煉獄火炎,煉獄火炎33.3% 攻撃32.9% 灼熱16.9% メダパニ16.9%
ナイトキング,272,60,800,637,100,310,140,95,2,1/64,1420,210,1/32,0,0,みなごろしの剣,1/128,×,×,×,◎,×,×,◎,◎,◎,◎,○,○,◎,○,◎,◎,◎,×,◎,×,◎,×,,,○,,,,,,,1,,1,攻撃,力ため,痛恨の一撃(攻撃×2.5),凍える吹雪,メラゾーマ,ベホマ,0,1,1,1,1,1,確率1,攻撃,*力ため,*痛恨の一撃(攻撃×2.5),*凍える吹雪,*メラゾーマ,*ベホマ,攻撃16.9% 痛恨の一撃(攻撃×2.5)16.9% 凍える吹雪16.9% 力ため16.5% メラゾーマ16.5% ベホマ16.5%
あんこくまどう,273,60,690,549,90,290,146,115,2,1/64,1300,230,1/64,0,0,やまびこのぼうし,1/128,△,△,△,△,△,△,△,◎,◎,◎,◎,◎,◎,×,◎,○,◎,×,×,△,◎,○,,,,,,,,,,1,,1,ザオリク,バギクロス,痛恨の一撃(攻撃×2.5),攻撃,ザラキーマ,凍てつく波動,0,1,1,0,1,1,確率3,ザオリク,*バギクロス,*痛恨の一撃(攻撃×2.5),攻撃,*ザラキーマ,*凍てつく波動,ザオリク78.4% バギクロス15.7% 痛恨の一撃(攻撃×2.5)3.1% 攻撃1.6% ザラキーマ1.2% 凍てつく波動0.0%
ドラゴン・ウー,274,45,900,717,0,380,150,93,0,0,1500,250,1/32,0,0,まじんのかなづち,1/128,×,×,×,×,◎,×,○,◎,◎,◎,◎,◎,○,△,◎,◎,◎,△,△,×,◎,×,,○,,,,,,,,3,,1,灼熱,攻撃,真空波,真空波,地響き,灼熱,1,0,1,1,1,1,確率1,*灼熱,攻撃,*真空波,*真空波,*地響き,*灼熱,真空波33.7% 灼熱33.3% 攻撃16.5% 地響き16.5%
突げきうお,275,7,18,14,4,22,14,15,1,1/64,8,5,1/8,0,0,やくそう,1/64,×,×,×,×,×,×,×,×,×,◎,×,×,△,×,×,×,◎,×,×,×,△,×,,,,,,,,,,3,,1,攻撃,ルカニ,ボディアタック,攻撃,ボディアタック,攻撃,0,1,1,0,1,0,確率1,攻撃,*ルカニ,*ボディアタック,攻撃,*ボディアタック,攻撃,攻撃50.2% ボディアタック33.3% ルカニ16.5%
おばけヒトデ,276,7,20,15,4,19,15,10,1,1/64,9,6,1/32,0,0,かいがらぼうし,1/128,×,×,×,×,×,×,×,×,×,△,×,×,△,×,×,×,×,×,×,×,△,×,,,,,,,,,,3,,1,攻撃,メラ,不思議な踊り1,攻撃,メラ,攻撃,0,1,1,0,1,0,確率1,攻撃,*メラ,*不思議な踊り1,攻撃,*メラ,攻撃,攻撃50.2% メラ32.9% 不思議な踊り1 16.9%
おばけ海牛,277,7,30,23,0,17,8,8,1,0,10,4,1/32,0,0,どくけし草,1/64,×,×,×,×,×,×,×,×,△,○,◎,◎,△,×,×,×,◎,×,×,×,△,×,,,,,,,,,,3,,1,攻撃,なめまわし,攻撃,冷たい息,攻撃,なめまわし,0,1,0,1,0,1,確率1,攻撃,*なめまわし,攻撃,*冷たい息,攻撃,*なめまわし,攻撃50.2% なめまわし32.9% 冷たい息16.9%
デスキャンサー,278,25,90,71,0,65,40,35,1,0,73,56,1/16,0,0,ブロンズナイフ,1/128,×,△,△,△,○,×,△,×,△,◎,◎,◎,△,×,×,×,◎,×,×,×,△,×,,,,,,,,,,3,,1,攻撃,仲間を呼ぶ(同種),攻撃,様子を見る,仲間を呼ぶ(アイアンタートル),攻撃,0,1,0,1,1,0,確率1,攻撃,*仲間を呼ぶ(同種),攻撃,*様子を見る,*仲間を呼ぶ(アイアンタートル),攻撃,攻撃50.2% 様子を見る16.9% 仲間を呼ぶ(同種)16.5% 仲間を呼ぶ(アイアンタートル)16.5%
なし,279,10,30000,23906,100,10,10,10,0,0,10,10,0,0,0,なし,1,×,×,×,×,×,×,×,×,×,×,×,×,×,×,×,×,×,×,×,×,×,×,,,,,,,,,,2,,1,攻撃,攻撃,攻撃,攻撃,攻撃,攻撃,0,0,0,0,0,0,確率1,攻撃,攻撃,攻撃,攻撃,攻撃,攻撃,攻撃100.0%
ようかい魚,280,25,85,67,0,70,20,35,1,0,60,52,1/32,0,0,とがったホネ,1/64,×,×,×,△,×,×,△,△,○,△,◎,◎,△,×,○,△,◎,×,×,×,○,×,,,○,,,,,,,3,,1,攻撃,ムーンサルト,攻撃,攻撃,ムーンサルト,逃げる,0,1,0,0,1,1,確率2,攻撃,*ムーンサルト,攻撃,攻撃,*ムーンサルト,*逃げる,攻撃60.4% ムーンサルト33.3% 逃げる6.3%
たつのこナイト,281,25,78,62,20,80,40,80,1,1/64,72,70,1/8,0,0,鉄のやり,1/128,×,×,×,×,△,×,△,○,△,◎,○,○,△,×,×,△,◎,×,×,×,○,×,,,,,,,,,,3,,1,攻撃,冷たい息,ホイミ,攻撃,甘い息,攻撃,0,1,1,0,1,0,確率2,攻撃,*冷たい息,*ホイミ,攻撃,*甘い息,攻撃,攻撃47.8% 冷たい息22.7% ホイミ18.8% 甘い息10.6%
ピラニアン,282,25,90,71,16,85,58,62,1,1/64,65,61,1/16,0,0,ブロンズナイフ,1/128,×,×,×,△,△,×,△,△,△,◎,○,○,△,×,×,△,◎,×,×,×,○,×,,,,,,,,,,3,,1,攻撃,イオ,ボディアタック,攻撃,攻撃,ボディアタック,0,1,1,0,0,1,確率2,攻撃,*イオ,*ボディアタック,攻撃,攻撃,*ボディアタック,攻撃52.2% ボディアタック25.1% イオ22.7%
タップペンギー,283,25,105,83,4,75,50,58,1,1/64,70,42,1/16,0,0,皮のぼうし,1/64,×,×,×,◎,×,×,△,○,○,◎,△,△,△,×,×,△,×,×,×,×,○,×,,,,,,,,,,3,,1,攻撃,メダパニ,仲間を呼ぶ(同種),攻撃,攻撃,メダパニ,0,1,1,0,0,1,確率2,攻撃,*メダパニ,*仲間を呼ぶ(同種),攻撃,攻撃,*メダパニ,攻撃52.2% メダパニ29.0% 仲間を呼ぶ(同種)18.8%
しびれマイマイ,284,25,80,63,12,65,63,52,1,0,73,30,1/32,0,0,かいがらぼうし,1/64,△,○,○,×,×,×,○,×,△,◎,○,△,△,×,△,×,◎,×,×,×,◎,×,,,,,,,,,,3,,1,攻撃,マホトーン,ボディアタック,防御,マヒ攻撃,ボディアタック,0,1,1,0,1,1,確率1,攻撃,*マホトーン,*ボディアタック,防御,*マヒ攻撃,*ボディアタック,ボディアタック33.3% 攻撃16.9% 防御16.9% マホトーン16.5% マヒ攻撃16.5%
マルチアイ,285,25,140,111,30,79,25,45,1,0,81,45,1/32,0,0,ピンクパール,1/128,×,×,×,×,×,×,◎,◎,×,×,◎,○,◎,×,△,○,◎,×,×,×,◎,×,,,,,,,,,,3,,1,攻撃,妖しい瞳,ルカナン,攻撃,妖しい瞳,ルカナン,0,1,1,0,1,1,確率2,攻撃,*妖しい瞳,*ルカナン,攻撃,*妖しい瞳,*ルカナン,攻撃41.6% 妖しい瞳33.3% ルカナン25.1%
デビルアンカー,286,26,90,71,10,85,95,71,1,1/64,77,61,1/32,0,0,かしこさのたね,1/256,○,○,○,○,○,×,△,△,○,◎,×,×,×,×,○,△,◎,○,○,×,○,○,,,,,,,,,,3,,1,攻撃,攻撃,ヒャダルコ,攻撃,ヒャダルコ,弾け飛ぶ,0,0,1,0,1,1,確率2,攻撃,攻撃,*ヒャダルコ,攻撃,*ヒャダルコ,*弾け飛ぶ,攻撃64.3% ヒャダルコ29.4% 弾け飛ぶ6.3%
エビルタートル,287,26,85,67,0,90,88,85,0,1/64,90,53,1/64,1/16,1/64,バイキングメット,1/64,△,△,△,△,◎,×,△,△,△,◎,◎,◎,×,×,×,×,◎,×,×,×,○,○,,,,,,,,,,3,,1,攻撃,ムーンサルト,攻撃,攻撃,ムーンサルト,攻撃,0,1,0,0,1,0,確率1,攻撃,*ムーンサルト,攻撃,攻撃,*ムーンサルト,攻撃,攻撃67.1% ムーンサルト32.9%
海のまもりガメ,288,33,180,143,15,125,120,77,1,0,133,72,1/64,0,0,まもりのたね,1/256,△,△,△,◎,◎,×,○,○,◎,◎,◎,◎,△,△,○,△,◎,×,×,×,△,△,,,,,,,,,,3,,1,攻撃,身代わり,防御(1/5),仁王立ち,マホカンタ,攻撃,0,1,1,1,1,0,確率2,攻撃,*身代わり,*防御(1/5),*仁王立ち,*マホカンタ,攻撃,攻撃32.9% 身代わり22.7% 防御(1/5)18.8% 仁王立ち14.9% マホカンタ10.6%
エレフローパー,289,34,200,159,30,130,90,83,1,1/64,120,65,1/32,0,0,ふしぎなきのみ,1/256,×,×,×,×,×,×,○,○,△,◎,◎,○,△,×,○,△,◎,×,×,×,○,△,,,,,,,,,,3,,1,攻撃,火炎の息,不思議な踊り2,メラミ,ハッスルダンス,攻撃,0,1,1,1,1,0,確率2,攻撃,*火炎の息,*不思議な踊り2,*メラミ,*ハッスルダンス,攻撃,攻撃32.9% 火炎の息22.7% 不思議な踊り2 18.8% メラミ14.9% ハッスルダンス10.6%
マージスター,290,35,240,191,50,135,95,120,1,1/64,115,80,1/32,0,0,いのりのゆびわ,1/128,△,△,△,△,△,×,△,△,○,◎,○,△,○,×,○,△,◎,×,×,×,◎,◎,,,,,,,,,,3,,1,攻撃,ベホマラー,メダパニダンス,攻撃,ベホマラー,攻撃,0,0,1,0,0,0,確率1,攻撃,ベホマラー,*メダパニダンス,攻撃,ベホマラー,攻撃,攻撃50.2% ベホマラー32.9% メダパニダンス16.9%
なし,291,10,30000,23906,100,10,10,10,0,0,10,10,0,0,0,なし,1,×,×,×,×,×,×,×,×,×,×,×,×,×,×,×,×,×,×,×,×,×,×,,,,,,,,,,2,,1,攻撃,攻撃,攻撃,攻撃,攻撃,攻撃,0,0,0,0,0,0,確率1,攻撃,攻撃,攻撃,攻撃,攻撃,攻撃,攻撃100.0%
ボーンフィッシュ,292,35,220,175,0,140,80,73,0,1/64,122,52,1/16,0,0,とがったホネ,1/64,×,×,×,◎,×,×,◎,○,◎,△,◎,◎,△,×,○,○,◎,×,○,×,△,△,,,,,,,,,,3,,1,攻撃,ムーンサルト,痛恨の一撃(攻撃×2.5),攻撃,ムーンサルト,攻撃,0,1,1,0,1,0,確率1,攻撃,*ムーンサルト,*痛恨の一撃(攻撃×2.5),攻撃,*ムーンサルト,攻撃,攻撃50.2% ムーンサルト32.9% 痛恨の一撃(攻撃×2.5)16.9%
シードラゴンズ,293,40,260,207,50,150,83,83,2,1/64,173,105,1/64,0,0,もろはのつるぎ,1/128,×,×,×,×,×,×,◎,◎,◎,◎,○,△,○,×,◎,○,◎,○,○,×,◎,○,,,,,,,,,,3,,1,攻撃,激しい炎,ベホイミ,ベホイミ,攻撃,焼けつく息,0,1,1,1,0,1,確率2,攻撃,*激しい炎,*ベホイミ,*ベホイミ,攻撃,*焼けつく息,攻撃37.3% ベホイミ33.7% 激しい炎22.7% 焼けつく息6.3%
なし,294,10,30000,23906,100,10,10,10,0,0,10,10,0,0,0,なし,1,×,×,×,×,×,×,×,×,×,×,×,×,×,×,×,×,×,×,×,×,×,×,,,,,,,,,,2,,1,攻撃,攻撃,攻撃,攻撃,攻撃,攻撃,0,0,0,0,0,0,確率1,攻撃,攻撃,攻撃,攻撃,攻撃,攻撃,攻撃100.0%
岩とびあくま,295,39,230,183,16,135,103,92,1,1/16,130,92,1/32,0,0,風のぼうし,1/128,×,×,×,◎,×,×,○,○,○,◎,△,△,○,△,△,×,◎,×,○,×,△,○,,,,,,,,,,3,,1,攻撃,バギマ,攻撃,攻撃,バギマ,仲間を呼ぶ(同種),0,1,0,0,1,1,確率2,攻撃,*バギマ,攻撃,攻撃,*バギマ,*仲間を呼ぶ(同種),攻撃60.4% バギマ33.3% 仲間を呼ぶ(同種)6.3%
ヘルダイバー,296,28,250,199,30,105,92,72,1,1/64,105,93,1/64,0,0,天使のレオタード,1/256,×,×,×,◎,◎,×,○,○,○,◎,△,△,×,×,○,○,◎,×,△,×,◎,△,,,,,,,,,,3,,1,攻撃,火炎の息,攻撃,ヒャダルコ,火炎の息,攻撃,0,1,0,1,1,0,確率1,攻撃,*火炎の息,攻撃,*ヒャダルコ,*火炎の息,攻撃,攻撃50.2% 火炎の息32.9% ヒャダルコ16.9%
あんこくつむり,297,38,190,151,8,133,180,62,2,0,125,83,1/16,0,0,まどうしの杖,1/64,○,○,○,○,○,△,△,△,○,◎,△,△,○,×,◎,○,◎,△,△,×,○,△,,,,,,,,,,3,,1,攻撃,マホトーン,防御(1/5),攻撃,ボディアタック,マホトーン,0,1,1,0,1,1,確率2,攻撃,*マホトーン,*防御(1/5),攻撃,*ボディアタック,*マホトーン,攻撃41.6% マホトーン29.0% 防御(1/5)18.8% ボディアタック10.6%
キルゲータ,298,40,170,135,0,165,140,106,1,1/64,145,77,1/16,0,0,すばやさのたね,1/256,×,×,×,×,×,×,△,△,△,◎,◎,◎,△,×,×,△,◎,×,×,×,○,△,,,,,,,,,,3,,1~2,攻撃,攻撃,津波,攻撃,攻撃,津波,0,0,1,0,0,1,確率1,攻撃,攻撃,*津波,攻撃,攻撃,*津波,攻撃66.7% 津波33.3%
ワームスペクター,299,40,230,183,10,145,95,63,1,0,156,68,1/32,0,0,ふしぎなぼうし,1/256,×,×,×,×,○,×,◎,◎,○,△,○,◎,△,×,×,△,◎,×,×,×,○,×,,,,,,,,,,3,,1,攻撃,バイキルト,攻撃,妖しい瞳,攻撃,攻撃,0,1,0,1,0,0,ローテD,攻撃,*バイキルト,攻撃,*妖しい瞳,攻撃,攻撃,[グループ]攻撃→バイキルト→攻撃→妖しい瞳→攻撃→攻撃
ダゴン,300,42,350,278,0,170,102,75,2,0,180,98,1/64,0,0,命のきのみ,1/256,×,×,×,×,×,×,◎,◎,◎,◎,◎,◎,◎,×,○,△,◎,×,×,×,◎,×,,,,,,,,16~24,,3,,1,攻撃,押しつぶす,攻撃,ハッスルダンス,妖しい霧,攻撃,0,1,0,1,1,0,確率2,攻撃,*押しつぶす,攻撃,*ハッスルダンス,*妖しい霧,攻撃,攻撃51.8% 押しつぶす22.7% ハッスルダンス14.9% 妖しい霧10.6%
フロッグキング,301,43,400,318,38,190,93,88,2,1/64,210,110,1/64,0,0,インテリめがね,1/128,×,×,×,△,○,×,○,◎,◎,◎,○,○,○,×,◎,△,◎,△,△,△,◎,◎,,,,,,,,16~24,,3,,1,攻撃,氷の息,ベギラゴン,メイルストロム,攻撃,ベギラゴン,0,1,1,1,0,1,確率1,攻撃,*氷の息,*ベギラゴン,*メイルストロム,攻撃,*ベギラゴン,攻撃33.3% ベギラゴン33.3% メイルストロム16.9% 氷の息16.5%
グレイトマーマン,302,44,430,342,50,210,110,96,2,1/64,215,130,1/64,0,0,命のゆびわ,1/256,×,×,×,○,△,×,○,◎,◎,◎,○,○,○,×,◎,○,◎,△,△,△,◎,○,,,,,,,,16~24,,3,,1,武器を振り回す,猛毒の霧,氷の息,マヒャド,攻撃,攻撃,0,1,1,1,0,0,確率1,武器を振り回す,*猛毒の霧,*氷の息,*マヒャド,攻撃,攻撃,攻撃32.9% 武器を振り回す16.9% 氷の息16.9% マヒャド16.9% 猛毒の霧16.5%
ギャオース,303,45,450,358,0,240,92,90,0,1/64,240,150,1/64,1/1024,1/1024,ちからのたね,1/256,×,×,×,×,◎,×,○,◎,◎,◎,◎,◎,○,×,◎,○,◎,△,△,×,◎,△,,,,,,,,,,3,,1,攻撃,激しい炎,氷の息,攻撃,激しい炎,凍える吹雪,0,1,1,0,1,1,確率1,攻撃,*激しい炎,*氷の息,攻撃,*激しい炎,*凍える吹雪,攻撃33.7% 激しい炎32.9% 氷の息16.9% 凍える吹雪16.5%
スライム(特),304,1,10,,0,8,8,3,0,0,1,1,0,0,0,やくそう,1/256,×,×,×,×,×,×,×,×,×,×,◎,◎,×,×,×,×,◎,×,×,×,×,×,,,,,○,,,,,2,,1,攻撃,攻撃,攻撃,逃げる,攻撃,攻撃,0,0,0,0,0,0,ローテD,攻撃,攻撃,攻撃,逃げる,攻撃,攻撃,[グループ]攻撃→攻撃→攻撃→逃げる→攻撃→攻撃
ゴーレム,305,13,280,,0,32,20,12,0,0,60,70,0,0,0,ふしぎな石版緑,1,×,×,×,×,×,×,△,△,◎,◎,◎,◎,◎,△,◎,◎,◎,○,△,◎,◎,◎,,,,,,,,,,2,,1,攻撃,攻撃,攻撃,攻撃,攻撃,攻撃,0,0,0,0,0,0,確率1,攻撃,攻撃,攻撃,攻撃,攻撃,攻撃,攻撃100.0%
チョッキンガー(特),306,18,310,,50,42,31,24,1,1/64,80,90,0,0,0,まもりのたね,1,×,△,△,×,○,×,○,○,◎,◎,◎,◎,◎,×,◎,×,◎,○,○,◎,◎,×,,,,,,,,,,2,,1,攻撃,攻撃,大防御,メラ,ホイミ,攻撃,0,0,0,1,1,0,確率2,攻撃,攻撃,大防御,*メラ,*ホイミ,攻撃,攻撃55.7% 大防御18.8% メラ14.9% ホイミ10.6%
マチルダ,307,20,250,,0,20,30,150,1,0,20,30,0,0,0,なし,1/4096,×,×,×,×,×,×,◎,◎,◎,◎,◎,◎,◎,△,◎,◎,◎,△,△,△,◎,△,,,,,,,,,,2,,1,防御,防御,様子を見る,大防御,防御,大防御,0,0,0,0,0,0,ローテA,防御,防御,様子を見る,大防御,防御,大防御,防御→防御→様子を見る→大防御→防御→大防御
炎の巨人,308,6,310,,0,47,24,13,1,0,120,150,0,0,0,ふしぎな石版青,1,◎,◎,◎,×,×,×,◎,○,◎,◎,◎,◎,◎,×,◎,△,◎,○,×,×,◎,△,,,,,,,,,,3,,1,攻撃,火の息,力ため,押しつぶす,攻撃,攻撃,0,0,0,0,0,0,ローテB,攻撃,火の息,力ため,押しつぶす,攻撃,攻撃,(攻撃or火の息)→(力ためor押しつぶす)→攻撃
デス・アミーゴ,309,5,520,,20,52,35,20,0,1/64,200,250,0,0,0,なし,1,×,×,×,×,×,×,△,△,◎,◎,◎,◎,◎,△,◎,◎,◎,×,×,◎,◎,◎,,,,,,,,,,3,,1~2,攻撃,かまいたち,攻撃,攻撃,まぶしい光,攻撃,0,1,0,0,1,0,確率2,攻撃,*かまいたち,攻撃,攻撃,*まぶしい光,攻撃,攻撃66.7% かまいたち22.7% まぶしい光10.6%
フォロッド兵,310,10,360,,4,50,32,25,1,1/64,160,100,0,0,0,なし,1,×,×,×,×,×,×,○,○,◎,◎,◎,○,◎,△,◎,△,◎,×,×,◎,◎,◎,,,,,,,,,初回,2,,1,攻撃,斬りつける,攻撃,斬りつける,ホイミ,攻撃,0,0,0,0,0,0,確率2,攻撃,斬りつける,攻撃,斬りつける,ホイミ,攻撃,攻撃51.8% 斬りつける37.6% ホイミ10.6%
からくり兵,311,11,60,47,0,46,42,15,0,0,62,20,0,0,0,鉄のオノ,1/128,△,△,△,△,△,×,◎,◎,◎,◎,◎,◎,◎,○,◎,△,◎,△,△,△,◎,◎,,,,,,,,,,2,,1~2,攻撃,攻撃,攻撃,五月雨剣,五月雨剣,攻撃,0,0,0,1,1,0,確率2,攻撃,攻撃,攻撃,*五月雨剣,*五月雨剣,攻撃,攻撃74.5% 五月雨剣25.5%
からくり兵(特),312,11,60,,0,40,38,8,0,0,72,20,0,0,0,なし,1,△,△,△,△,△,×,◎,◎,◎,◎,◎,◎,◎,○,◎,△,◎,△,△,△,◎,◎,,,,,,,,,,2,,1,魔神斬り,皆殺し,様子を見る,諸刃斬り,戸惑う,ミス,1,1,1,1,1,1,確率1,*魔神斬り,*皆殺し,*様子を見る,*諸刃斬り,*戸惑う,*ミス,魔神斬り16.9% 様子を見る16.9% 諸刃斬り16.9% 皆殺し16.5% 戸惑う16.5% ミス16.5%
マシンマスター,313,15,250,,12,48,40,45,2,0,180,70,0,0,0,なし,1,×,×,×,×,×,×,△,◎,◎,◎,○,○,◎,△,◎,○,◎,×,×,◎,◎,◎,,,,,,,,,,2,,1,仲間を呼ぶ(からくり兵),攻撃,ルカニ,武器を振り回す,攻撃,武器を振り回す,1,0,1,0,0,0,ローテC,*仲間を呼ぶ(からくり兵),攻撃,*ルカニ,武器を振り回す,攻撃,武器を振り回す,仲間を呼ぶ(からくり兵)→(攻撃40.0% 武器を振り回す40.0% ルカニ20.0%)
デスマシーン,314,18,380,,8,80,70,38,1,0,300,200,0,0,0,なし,1,△,△,△,△,△,×,◎,◎,◎,◎,◎,◎,◎,○,◎,△,◎,△,△,△,◎,◎,,,,,,,,,,3,,1~2,まぶしい光,攻撃,攻撃,マジックバリア,火の息,諸刃斬り,1,0,0,1,1,1,ローテB,*まぶしい光,攻撃,攻撃,*マジックバリア,*火の息,*諸刃斬り,(まぶしい光or攻撃)→(攻撃orマジックバリア)→(火の息or諸刃斬り)
あめふらし,315,17,450,,10,65,39,38,0,0,350,310,0,0,0,なし,1,×,×,△,△,×,×,○,◎,◎,◎,×,◎,◎,△,◎,○,◎,×,△,×,◎,◎,,,,,,,,,,2,,2,攻撃,冷たい息,攻撃,ベホイミ,なめまわし,冷たい息,0,0,0,0,0,0,ローテC,攻撃,冷たい息,攻撃,ベホイミ,なめまわし,冷たい息,攻撃→(冷たい息40.0% 攻撃20.0% ベホイミ20.0% なめまわし20.0%)
どうくつまじん,316,19,450,,24,70,40,27,2,0,432,123,0,0,0,なし,1,×,×,×,×,△,×,○,◎,◎,◎,×,△,◎,×,◎,○,◎,×,△,×,◎,○,,,,,,,,,,2,,1→2,攻撃,ギラ,ベギラマ,まぶしい光,攻撃,攻撃,0,1,1,0,0,0,確率2,攻撃,*ギラ,*ベギラマ,まぶしい光,攻撃,攻撃,攻撃43.5% ギラ22.7% ベギラマ18.8% まぶしい光14.9%
おどる宝石(特),317,15,110,,5,48,36,49,2,0,110,350,0,0,0,なし,1,×,×,×,×,△,×,△,◎,◎,◎,×,◎,◎,×,◎,○,×,○,○,△,◎,△,,,,,,,,,,2,,1,ルカナン,不思議な踊り1,攻撃,攻撃,誘う踊り,微笑む,0,1,0,0,0,0,確率3,ルカナン,*不思議な踊り1,攻撃,攻撃,誘う踊り,微笑む,ルカナン78.4% 不思議な踊り1 15.7% 攻撃4.7% 誘う踊り1.2% 微笑む0.0%
あらくれ,318,60,177,,0,80,34,72,2,0,0,0,0,0,0,なし,1,×,×,×,×,×,×,×,×,◎,◎,×,◎,◎,×,◎,◎,◎,×,×,×,◎,△,,,,,,,,,,2,,1,薬草,攻撃,薬草,攻撃,攻撃,攻撃,0,0,0,0,0,0,確率2,薬草,攻撃,薬草,攻撃,攻撃,攻撃,攻撃54.5% 薬草45.5%
スイフー,319,60,30000,,0,120,67,57,0,1/64,0,0,0,0,0,なし,1,×,×,×,×,×,×,◎,◎,◎,◎,×,◎,◎,◎,◎,◎,◎,×,×,◎,◎,◎,,,,,,,,90~110,,2,,1,攻撃,武器を振り回す,痛恨の一撃(攻撃×2.5),攻撃,武器を振り回す,痛恨の一撃(攻撃×2.5),0,0,0,0,0,0,確率1,攻撃,武器を振り回す,痛恨の一撃(攻撃×2.5),攻撃,武器を振り回す,痛恨の一撃(攻撃×2.5),攻撃33.7% 痛恨の一撃(攻撃×2.5)33.3% 武器を振り回す32.9%
ぶとうか,320,60,200,,0,75,33,93,2,0,0,0,0,0,0,なし,1,×,×,×,×,×,×,×,×,◎,◎,×,◎,◎,×,◎,◎,◎,×,×,×,◎,○,,,,,,,,,,2,,1,攻撃,攻撃,攻撃,ランプ投げ,攻撃,ランプ投げ,0,0,0,0,0,0,確率2,攻撃,攻撃,攻撃,ランプ投げ,攻撃,ランプ投げ,攻撃78.8% ランプ投げ21.2%
イノップ(1),321,64,30000,,255,95,40,93,0,0,0,0,0,0,0,なし,1,×,×,×,×,×,×,○,◎,◎,◎,×,×,◎,◎,◎,◎,◎,×,×,×,◎,○,,,,,,,,90~110,,2,,1,力ため(強),ハリケーン,攻撃,武器を振り回す,砂煙,攻撃,0,0,0,0,0,0,ローテB,力ため(強),ハリケーン,攻撃,武器を振り回す,砂煙,攻撃,(力ため(強)orハリケーン)→(攻撃or武器を振り回す)→(砂煙or攻撃)
ゴンズ(1),322,64,30000,,255,85,35,74,1,1/64,0,0,0,0,0,なし,1,×,×,×,×,×,×,○,◎,◎,◎,×,◎,◎,◎,◎,◎,◎,×,×,×,◎,○,,,,,,,,90~110,,2,,1,攻撃,バギマ,爪できりさく,火炎の息,バギマ,攻撃,0,0,0,0,0,0,ローテB,攻撃,バギマ,爪できりさく,火炎の息,バギマ,攻撃,(攻撃orバギマ)→(爪できりさくor火炎の息)→(バギマor攻撃)
イノップ(2),323,20,440,,0,90,38,73,0,0,278,310,0,0,0,なし,1,×,×,×,×,×,×,△,◎,◎,◎,◎,◎,◎,△,◎,○,◎,×,×,◎,◎,○,,,,,,,,,,2,,1,攻撃,武器を振り回す,攻撃,痛恨の一撃(攻撃×2.5),砂煙,攻撃,0,0,0,0,0,0,確率2,攻撃,武器を振り回す,攻撃,痛恨の一撃(攻撃×2.5),砂煙,攻撃,攻撃51.8% 武器を振り回す22.7% 痛恨の一撃(攻撃×2.5)14.9% 砂煙10.6%
ゴンズ(2),324,19,400,,0,79,35,64,0,1/64,294,320,0,0,0,なし,1,×,×,×,×,×,×,△,◎,◎,◎,◎,◎,◎,△,◎,△,◎,×,×,◎,◎,○,,,,,,,,,,2,,1,攻撃,尻尾,攻撃,痛恨の一撃(攻撃×2.5),爪できりさく,尻尾,0,0,0,0,0,0,確率2,攻撃,尻尾,攻撃,痛恨の一撃(攻撃×2.5),爪できりさく,尻尾,攻撃45.5% 尻尾29.0% 痛恨の一撃(攻撃×2.5)14.9% 爪できりさく10.6%
マンイーター,325,21,400,,25,75,44,76,1,1/64,419,294,0,0,0,なし,1,×,×,×,×,×,×,△,◎,◎,◎,△,◎,◎,△,◎,○,◎,×,×,◎,◎,△,,,,,,,,,,2,,1,攻撃,イオ,攻撃,ルカナン,ベギラマ,毒攻撃,0,1,0,0,1,0,確率4,攻撃,*イオ,攻撃,ルカナン,*ベギラマ,毒攻撃,攻撃54.7% イオ27.3% ルカナン6.3% ベギラマ6.3% 毒攻撃5.5%
ネペロ,326,15,345,,100,70,47,25,0,1/64,200,50,0,0,0,なし,1,×,×,×,×,×,×,×,○,◎,◎,×,◎,○,×,×,○,◎,×,×,×,◎,◎,,,,,,,,,,2,,1,ギラ,メダパニ,ヒャド,マヌーサ,マホトーン,攻撃,0,0,0,0,0,0,確率2,ギラ,メダパニ,ヒャド,マヌーサ,マホトーン,攻撃,ギラ26.7% メダパニ22.7% ヒャド18.8% マヌーサ14.9% マホトーン10.6% 攻撃6.3%
スコット,327,16,270,,50,65,40,30,0,0,210,40,0,0,0,なし,1,×,×,×,×,×,×,○,×,◎,◎,×,◎,△,×,×,○,◎,×,×,×,◎,◎,,,,,,,,,,2,,1,攻撃,ジャンプ攻撃,攻撃,ルカナン,攻撃,力ため(強),0,0,0,0,0,0,確率2,攻撃,ジャンプ攻撃,攻撃,ルカナン,攻撃,力ため(強),攻撃56.1% ジャンプ攻撃22.7% ルカナン14.9% 力ため(強)6.3%
ガルシア,328,17,350,,50,105,56,35,1,0,250,50,0,0,0,なし,1,×,×,×,×,×,×,○,○,◎,◎,×,◎,◎,×,×,○,◎,△,×,×,◎,◎,,,,,,,,,,2,,1,ムーンサルト,攻撃,スクルト,火炎斬り,ベホイミ,攻撃,0,0,0,0,0,0,ローテC,ムーンサルト,攻撃,スクルト,火炎斬り,ベホイミ,攻撃,ムーンサルト→(攻撃40.0% スクルト20.0% 火炎斬り20.0% ベホイミ20.0%)
トンプソン,329,18,280,,150,90,60,30,1,0,260,60,0,0,0,なし,1,×,×,×,×,×,×,×,○,◎,◎,×,◎,◎,×,×,○,◎,×,×,×,◎,◎,,,,,,,,,,2,,1,ラリホー,攻撃,バギマ,バギマ,武器を振り回す,ベホイミ,0,0,0,0,0,0,ローテB,ラリホー,攻撃,バギマ,バギマ,武器を振り回す,ベホイミ,(ラリホーor攻撃)→バギマ→(武器を振り回すorベホイミ)
ナプト,330,15,270,,0,80,55,95,1,0,280,70,0,0,0,なし,1,×,×,×,×,×,×,×,○,◎,◎,×,◎,◎,×,×,◎,◎,×,×,×,◎,◎,,,,,,,,,,2,,1~2,回し蹴り,攻撃,かまいたち,攻撃,正拳突き,攻撃,0,0,0,0,0,0,ローテB,回し蹴り,攻撃,かまいたち,攻撃,正拳突き,攻撃,(回し蹴りor攻撃)→(かまいたちor攻撃)→(正拳突きor攻撃)
ドンホセ,331,20,300,,0,75,40,100,2,0,300,80,0,0,0,なし,1,×,×,×,×,×,×,×,○,◎,◎,×,◎,◎,×,×,△,◎,×,×,×,◎,◎,,,,,,,,,,2,,1,眠り攻撃,石つぶて,砂煙,攻撃,石つぶて,混乱攻撃,0,0,0,0,0,0,ローテC,眠り攻撃,石つぶて,砂煙,攻撃,石つぶて,混乱攻撃,眠り攻撃→(石つぶて40.0% 砂煙20.0% 攻撃20.0% 混乱攻撃20.0%)
ネリス,332,21,460,,23,90,57,74,2,1/64,267,0,0,0,0,なし,1,×,×,△,△,△,×,△,◎,◎,◎,◎,◎,◎,△,◎,◎,◎,×,△,×,◎,◎,,,,,,,,,,2,,2,攻撃,マヒャド斬り,ヒャダルコ,攻撃,ヒャド,マホターン,0,0,1,0,0,0,確率2,攻撃,マヒャド斬り,*ヒャダルコ,攻撃,ヒャド,マホターン,攻撃41.6% マヒャド斬り22.7% ヒャダルコ18.8% ヒャド10.6% マホターン6.3%
アントリア,333,24,700,,55,85,63,75,1,1/64,687,743,0,0,0,なし,1,×,△,×,△,△,×,△,△,◎,◎,◎,◎,◎,△,◎,○,◎,×,△,◎,◎,◎,,,,,,,,,,2,,1~2,攻撃,火炎斬り,マジックバリア,ベギラマ,イオ,念じボール,0,0,0,1,1,1,確率2,攻撃,火炎斬り,マジックバリア,*ベギラマ,*イオ,*念じボール,攻撃26.7% 火炎斬り22.7% マジックバリア18.8% ベギラマ14.9% イオ10.6% 念じボール6.3%
さんぞく兵,334,20,200,,0,80,46,71,0,1/64,199,11,0,0,0,なし,1,×,△,×,×,△,×,△,△,◎,◎,◎,◎,◎,△,△,×,◎,×,×,△,◎,◎,,,,,,,,,,2,,1,盗人斬り,ムーンサルト,火炎斬り,力ため(強),力ため(強),まぶしい光,0,0,0,0,0,0,ローテB,盗人斬り,ムーンサルト,火炎斬り,力ため(強),力ため(強),まぶしい光,(盗人斬りorムーンサルト)→(火炎斬りor力ため(強))→(力ため(強)orまぶしい光)
さんぞくマージ,335,20,140,,30,65,50,72,0,0,182,6,0,0,0,なし,1,△,×,×,×,×,×,△,◎,◎,◎,×,◎,◎,△,△,△,◎,×,×,△,◎,○,,,,,,,,,,2,,1,盗人斬り,盗人斬り,ベギラマ,武器を振り回す,ラリホー,武器を振り回す,0,0,0,0,0,0,確率2,盗人斬り,盗人斬り,ベギラマ,武器を振り回す,ラリホー,武器を振り回す,盗人斬り49.4% 武器を振り回す21.2% ベギラマ18.8% ラリホー10.6%
さんぞく,336,20,180,,0,75,40,96,1,0,187,8,0,0,0,なし,1,×,△,×,△,△,×,△,×,△,◎,◎,◎,×,×,×,○,◎,×,×,△,×,×,,,,,,,,,初回,2,,1,攻撃,毒蛾の粉,石つぶて,石つぶて,攻撃,毒蛾の粉,0,0,0,0,0,0,確率1,攻撃,毒蛾の粉,石つぶて,石つぶて,攻撃,毒蛾の粉,石つぶて33.7% 攻撃33.3% 毒蛾の粉32.9%
エテポンゲ,337,21,230,,45,68,40,77,0,1/64,204,5,0,0,0,なし,1,×,×,×,×,△,×,△,△,◎,◎,◎,◎,◎,△,◎,△,×,×,×,△,◎,○,,,,,,,,,,2,,1,毒の息,攻撃,マホトラ踊り,マッスルダンス,石つぶて,爪できりさく,0,0,0,0,0,0,ローテB,毒の息,攻撃,マホトラ踊り,マッスルダンス,石つぶて,爪できりさく,(毒の息or攻撃)→(マホトラ踊りorマッスルダンス)→(石つぶてor爪できりさく)
さんぞくのカシラ,338,25,500,,19,92,45,74,0,1/64,731,637,0,0,0,なし,1,×,×,×,×,△,×,△,◎,◎,◎,◎,◎,◎,×,△,◎,◎,×,×,△,◎,◎,,,,,,,,,,2,,1~2,攻撃,斬りつける,イオラ,イオラ,アルテマソード,攻撃,0,0,0,0,1,0,ローテC,攻撃,斬りつける,イオラ,イオラ,*アルテマソード,攻撃,攻撃→(イオラ40.0% 斬りつける20.0% アルテマソード20.0% 攻撃20.0%)
ボーンライダー(特),339,13,500,,4,60,26,32,1,1/64,100,270,0,0,0,なし,1,×,×,×,×,×,×,◎,◎,◎,◎,×,×,◎,×,×,◎,◎,△,×,×,◎,○,,,,,,,,,,2,,1~2,微笑む,攻撃,ルカナン,攻撃,ルカナン,攻撃,1,0,1,0,1,0,ローテB,*微笑む,攻撃,*ルカナン,攻撃,*ルカナン,攻撃,(微笑むor攻撃)→(ルカナンor攻撃)→(ルカナンor攻撃)
ピグモンエビル(特1),340,14,400,,10,62,30,24,1,0,100,50,0,0,0,なし,1,×,×,×,×,×,×,×,×,◎,◎,×,×,×,×,×,○,◎,×,×,×,◎,×,,,,,,,,,,2,,1,火の息,ホイミ,火の息,攻撃,笑う,笑う,1,1,1,0,0,0,確率1,*火の息,*ホイミ,*火の息,攻撃,笑う,笑う,火の息33.7% 笑う32.9% 攻撃16.9% ホイミ16.5%
ピグモンエビル(特2),341,15,550,,10,68,30,25,1,0,180,90,0,0,0,なし,1,×,×,×,×,×,×,×,×,◎,◎,×,×,×,×,×,△,◎,×,×,×,◎,×,,,,,,,,,,2,,1,攻撃,火の息,ホイミ,笑う,攻撃,笑う,0,0,0,0,0,0,確率2,攻撃,火の息,ホイミ,笑う,攻撃,笑う,攻撃37.3% 火の息22.7% 笑う21.2% ホイミ18.8%
セト,342,27,900,,8,80,59,40,2,1/64,650,250,0,0,0,なし,1,△,×,×,×,×,×,◎,◎,◎,◎,◎,◎,◎,×,×,◎,◎,△,×,×,◎,×,,,,,,,,,低HP,2,,2,武器を振り回す,攻撃,ルカニ,力ため,攻撃,皆殺し,1,0,1,0,0,1,確率2,*武器を振り回す,攻撃,*ルカニ,力ため,攻撃,*皆殺し,攻撃33.3% 武器を振り回す26.7% ルカニ18.8% 力ため14.9% 皆殺し6.3%
あやしい男,343,25,350,,0,95,60,80,1,1/16,72,75,0,0,0,なし,1,×,×,×,○,△,×,△,○,◎,◎,◎,◎,◎,×,×,○,◎,×,×,×,◎,×,,,,,,,,,,2,,2,攻撃,ランプ投げ,攻撃,攻撃,ランプ投げ,攻撃,0,0,0,0,0,0,確率1,攻撃,ランプ投げ,攻撃,攻撃,ランプ投げ,攻撃,攻撃67.1% ランプ投げ32.9%
いどまじん(特),344,28,580,,40,105,70,85,1,0,370,40,0,0,0,なし,1,×,×,×,×,×,×,◎,◎,◎,◎,○,△,◎,×,×,○,◎,△,△,△,◎,○,,,,,,,,,,2,,1~2,攻撃,力ため(強),ラリホー,雄叫び,石つぶて,ヒャド,0,1,1,1,1,1,ローテC,攻撃,*力ため(強),*ラリホー,*雄叫び,*石つぶて,*ヒャド,攻撃→(力ため(強)20.0% ラリホー20.0% 雄叫び20.0% 石つぶて20.0% ヒャド20.0%)
ウルフデビル(特),345,30,600,,50,115,85,85,1,1/64,400,210,0,0,0,なし,1,×,×,×,×,×,×,◎,◎,◎,◎,△,△,◎,×,◎,○,◎,×,×,○,◎,○,,,,,,,,,,2,,1,攻撃,バイキルト,爆裂拳,攻撃,爆裂拳,攻撃,0,0,0,0,0,0,確率1,攻撃,バイキルト,爆裂拳,攻撃,爆裂拳,攻撃,攻撃50.2% 爆裂拳33.3% バイキルト16.5%
タイムマスター,346,32,780,,120,135,85,90,2,0,750,312,0,0,0,ふしぎな石版黄,1,×,△,○,×,△,×,○,◎,◎,◎,○,◎,◎,×,◎,○,◎,△,×,○,◎,○,,,,,,,,,,3,,1,攻撃,メラミ,イオラ,まぶしい光,攻撃,マジックバリア,0,1,0,1,0,1,確率1,攻撃,*メラミ,イオラ,*まぶしい光,攻撃,*マジックバリア,攻撃33.3% イオラ16.9% まぶしい光16.9% メラミ16.5% マジックバリア16.5%
マキマキ,347,22,230,,40,85,73,52,2,0,77,25,0,0,0,ふしぎな石版黄,1,×,×,×,×,×,×,×,△,◎,◎,×,×,◎,×,×,○,◎,×,×,△,◎,△,,,,,,,,,,2,,1,攻撃,ヒャド,攻撃,ヒャド,攻撃,時の砂,0,0,0,0,0,1,確率2,攻撃,ヒャド,攻撃,ヒャド,攻撃,*時の砂,攻撃56.1% ヒャド37.6% 時の砂6.3%
エンタシスマン(特),348,29,180,,20,102,67,46,0,0,150,51,0,0,0,なし,1,○,○,△,×,×,×,△,◎,○,○,△,×,○,×,×,○,×,×,×,×,○,×,,,,,,,,,,2,,1,攻撃,メラ,不思議な踊り3,メラ,攻撃,不思議な踊り3,0,1,1,1,0,1,確率1,攻撃,*メラ,*不思議な踊り3,*メラ,攻撃,*不思議な踊り3,攻撃33.3% 不思議な踊り3 33.3% メラ33.3%
海底のゴースト,349,24,150,,50,80,50,75,1,0,95,0,0,0,0,なし,1,△,△,△,×,×,○,△,◎,◎,◎,○,△,○,×,×,×,◎,×,×,×,○,×,,,,,,,,,,2,,1,攻撃,攻撃,ラリホー,攻撃,攻撃,バギ,0,0,1,0,0,1,確率1,攻撃,攻撃,*ラリホー,攻撃,攻撃,*バギ,攻撃66.7% ラリホー16.9% バギ16.5%
グラコス,350,35,1400,,90,165,85,65,2,0,1320,720,0,0,0,なし,1,×,×,×,○,×,×,○,◎,◎,◎,×,◎,◎,◎,◎,◎,◎,×,○,△,◎,○,,,,,,,,,,3,,1~2,なぎ払い,津波,攻撃,攻撃,猛毒の霧,氷の息,0,0,0,0,0,0,確率2,なぎ払い,津波,攻撃,攻撃,猛毒の霧,氷の息,攻撃33.7% なぎ払い26.7% 津波22.7% 猛毒の霧10.6% 氷の息6.3%
キングスライム(特),351,33,670,,70,150,90,60,2,0,120,77,0,0,0,まものせいそく図,1,△,△,△,△,○,×,◎,◎,◎,◎,○,△,◎,◎,◎,◎,◎,△,△,×,◎,○,,,,,○,,,,,2,,1~2,攻撃,ベホイミ,のしかかる,ボディアタック,攻撃,のしかかる,0,1,0,0,0,0,確率2,攻撃,*ベホイミ,のしかかる,ボディアタック,攻撃,のしかかる,攻撃37.3% のしかかる25.1% ベホイミ22.7% ボディアタック14.9%
ギガミュータント(特),352,36,1050,,0,160,82,62,0,0,1230,125,0,0,0,ふしぎな石版赤,1,×,○,◎,×,×,△,○,◎,◎,◎,◎,◎,◎,×,◎,◎,◎,×,×,△,◎,△,,,,○,,,,,,2,,1~2,攻撃,氷の息,攻撃,冷たい息,攻撃,冷たい息,0,0,0,0,0,0,ローテA,攻撃,氷の息,攻撃,冷たい息,攻撃,冷たい息,攻撃→氷の息→攻撃→冷たい息→攻撃→冷たい息
グラコス５世,353,38,1500,,100,180,85,65,2,0,1950,940,0,0,0,なし,1,×,×,×,○,×,×,◎,◎,◎,◎,×,◎,◎,◎,◎,◎,◎,×,○,△,◎,○,,,,,,,,,,3,,1~2,攻撃,なぎ払い,氷の息,猛毒の霧,ヒャダルコ,攻撃,0,1,1,0,1,0,確率1,攻撃,*なぎ払い,*氷の息,猛毒の霧,*ヒャダルコ,攻撃,攻撃33.3% 氷の息16.9% 猛毒の霧16.9% なぎ払い16.5% ヒャダルコ16.5%
マージインプ(特),354,30,180,,30,185,68,92,2,1/64,120,90,0,0,0,なし,1,×,×,×,△,△,△,○,○,×,○,△,△,△,×,△,△,◎,×,×,×,○,×,,,,,,,,,,2,,1,ヒャダルコ,ベホイミ,ヒャダルコ,攻撃,攻撃,ヒャダルコ,0,0,0,0,0,0,確率2,ヒャダルコ,ベホイミ,ヒャダルコ,攻撃,攻撃,ヒャダルコ,ヒャダルコ51.8% 攻撃25.5% ベホイミ22.7%
りゅうき兵(特1),355,64,9999,,255,190,150,60,1,1/16,0,0,0,0,0,なし,1,◎,◎,◎,○,○,○,◎,◎,◎,◎,◎,◎,◎,◎,◎,◎,◎,△,△,◎,◎,◎,,,,○,,,,,,2,,1,バギクロス,攻撃,爆裂拳,バギクロス,爆裂拳,戦闘終了,0,0,0,0,0,0,ローテA,バギクロス,攻撃,爆裂拳,バギクロス,爆裂拳,戦闘終了,バギクロス→攻撃→爆裂拳→バギクロス→爆裂拳→戦闘終了
りゅうき兵(特2),356,35,1200,,0,98,52,43,1,0,850,1500,0,0,0,なし,1,×,×,×,×,×,×,×,○,◎,◎,◎,◎,◎,×,◎,◎,◎,×,×,◎,◎,◎,,,,○,,,,,,2,,1,ミス,攻撃,攻撃,ミス,攻撃,攻撃,0,0,0,0,0,0,確率2,ミス,攻撃,攻撃,ミス,攻撃,攻撃,攻撃58.4% ミス41.6%
ベビーゴイル(特),357,30,250,,32,105,65,212,1,0,130,110,0,0,0,なし,1,×,×,×,×,×,×,×,△,△,○,×,×,×,×,×,×,×,◎,×,×,×,×,,,,,,,,,,2,,1,攻撃,攻撃,攻撃,ラリホー,ベホイミ,攻撃,1,0,1,0,0,0,確率2,*攻撃,攻撃,*攻撃,ラリホー,ベホイミ,攻撃,攻撃74.5% ラリホー14.9% ベホイミ10.6%
ピンクオーク(特),358,30,300,,35,155,78,145,2,1/64,145,110,0,0,0,なし,1,×,×,×,×,×,×,×,○,△,◎,○,△,×,×,△,△,△,×,×,×,○,×,,,,,,,,,,2,,1,マヌーサ,火炎の息,攻撃,攻撃,火炎の息,攻撃,0,0,0,0,0,0,確率2,マヌーサ,火炎の息,攻撃,攻撃,火炎の息,攻撃,攻撃40.0% 火炎の息33.3% マヌーサ26.7%
ボルンガ,359,35,1000,,0,180,100,60,1,1/64,280,1240,0,0,0,なし,1,×,×,×,△,△,△,◎,◎,◎,◎,○,◎,◎,○,◎,◎,◎,△,△,○,◎,◎,,,,,,,,,,2,,1,力ため,攻撃,踏みつける,攻撃,攻撃,痛恨の一撃(攻撃×2.5),0,0,0,0,0,0,確率2,力ため,攻撃,踏みつける,攻撃,攻撃,痛恨の一撃(攻撃×2.5),攻撃48.2% 力ため26.7% 踏みつける18.8% 痛恨の一撃(攻撃×2.5)6.3%
あくま神官(特),360,31,420,,150,92,115,250,2,1/64,100,120,0,0,0,なし,1,△,○,◎,△,△,×,△,◎,◎,◎,◎,○,◎,△,○,◎,◎,×,×,×,◎,×,,,,,,,,,,2,,1,メラミ,メラミ,攻撃,メラミ,攻撃,ザキ,0,0,0,0,0,0,確率1,メラミ,メラミ,攻撃,メラミ,攻撃,ザキ,メラミ50.2% 攻撃33.3% ザキ16.5%
ヘルバオムのねっこ(1),361,32,185,,0,152,70,135,0,1/64,80,20,0,0,0,なし,1,×,×,×,×,×,×,×,◎,◎,◎,◎,◎,◎,×,◎,◎,◎,×,×,×,◎,◎,,,,,,,,,,2,,1,攻撃,攻撃,攻撃,攻撃,攻撃,攻撃,0,0,0,0,0,0,確率1,攻撃,攻撃,攻撃,攻撃,攻撃,攻撃,攻撃100.0%
ヘルバオム,362,40,1300,,255,180,80,100,0,0,1650,2100,0,0,0,ふしぎな石版緑,1,×,×,×,△,△,△,○,◎,◎,◎,◎,◎,◎,×,◎,◎,◎,×,△,△,◎,◎,,,,,,,,,,3,,1~2,攻撃,まぶしい光,猛毒の霧,マホトーン,甘い息,攻撃,0,1,0,1,1,0,確率2,攻撃,*まぶしい光,猛毒の霧,*マホトーン,*甘い息,攻撃,攻撃32.9% まぶしい光22.7% 猛毒の霧18.8% マホトーン14.9% 甘い息10.6%
やみのドラゴン,363,23,1350,,0,195,80,105,0,0,1330,950,0,0,0,なし,1,×,×,×,◎,△,△,◎,◎,◎,◎,◎,◎,◎,×,△,◎,◎,×,×,△,◎,◎,,○,,,,,,,,3,,1,攻撃,氷の息,攻撃,激しい炎,攻撃,かまいたち,0,0,0,0,0,0,確率2,攻撃,氷の息,攻撃,激しい炎,攻撃,かまいたち,攻撃56.1% 氷の息22.7% 激しい炎14.9% かまいたち6.3%
チビィ,364,34,1260,,0,185,160,132,2,1/64,375,0,0,0,0,なし,1,×,×,×,×,×,×,○,◎,◎,◎,◎,◎,◎,×,◎,○,◎,×,×,△,◎,○,,,,,,,,,,2,,1~2,糸を吐く,攻撃,攻撃,糸を吐く,甘い息,攻撃,0,0,0,0,0,0,ローテA,糸を吐く,攻撃,攻撃,糸を吐く,甘い息,攻撃,糸を吐く→攻撃→攻撃→糸を吐く→甘い息→攻撃
ヘルワーム,365,32,500,,0,140,113,112,0,0,223,123,0,0,0,なし,1,×,×,×,×,×,×,○,△,◎,◎,◎,◎,◎,×,◎,○,◎,×,×,△,◎,△,,,,,,,,,初回,2,,1~2,攻撃,糸を吐く,毒の息,攻撃,糸を吐く,攻撃,0,0,0,0,0,0,確率2,攻撃,糸を吐く,毒の息,攻撃,糸を吐く,攻撃,攻撃47.8% 糸を吐く33.3% 毒の息18.8%
メディルの使い,366,33,1390,,255,101,81,113,2,1/16,740,920,0,0,0,なし,1,○,○,○,△,△,△,◎,◎,◎,◎,◎,◎,◎,◎,◎,◎,◎,○,△,×,◎,○,,,,,,,,,,2,,1~2,マホカンタ,メラミ,バギクロス,マホトーン,ラリホーマ,攻撃,1,1,1,1,1,0,確率3,*マホカンタ,*メラミ,*バギクロス,*マホトーン,*ラリホーマ,攻撃,マホカンタ78.4% メラミ15.7% バギクロス3.1% マホトーン1.6% ラリホーマ1.2% 攻撃0.0%
ゼッペル(1),367,64,40000,,255,270,200,37,0,1/64,1,1,0,0,0,なし,1,○,○,○,○,○,○,◎,◎,◎,◎,◎,◎,◎,◎,◎,◎,◎,×,×,×,◎,◎,,,○,,,,,,,2,,2,イオナズン,攻撃,凍える吹雪,痛恨の一撃,攻撃,メラゾーマ,0,0,0,0,0,0,ローテA,イオナズン,攻撃,凍える吹雪,痛恨の一撃,攻撃,メラゾーマ,イオナズン→攻撃→凍える吹雪→痛恨の一撃→攻撃→メラゾーマ
ゼッペル(2),368,42,2200,,255,165,90,82,2,0,2260,710,0,0,0,なし,1,×,×,×,×,×,×,◎,◎,◎,◎,◎,◎,◎,△,◎,◎,◎,×,×,×,◎,×,,,○,,,,,,,2,,1~2,攻撃,メラゾーマ,攻撃,ベギラゴン,氷の息,攻撃,0,1,0,1,1,1,確率4,攻撃,*メラゾーマ,攻撃,*ベギラゴン,*氷の息,*攻撃,攻撃60.2% メラゾーマ27.3% ベギラゴン6.3% 氷の息6.3%
やみのまじん,369,27,2500,,100,171,94,86,1,0,1760,575,0,0,0,なし,1,×,×,×,×,◎,×,◎,◎,◎,◎,◎,◎,◎,○,◎,◎,◎,×,△,×,◎,○,,,,○,,,,,,2,,1~2,攻撃,押しつぶす,かまいたち,笑いながら攻撃,微笑む,バギクロス,0,1,1,1,1,1,確率1,攻撃,*押しつぶす,*かまいたち,*笑いながら攻撃,*微笑む,*バギクロス,攻撃16.9% かまいたち16.9% 笑いながら攻撃16.9% 押しつぶす16.5% 微笑む16.5% バギクロス16.5%
ヘルクラウダー,370,33,3080,,255,185,91,96,2,1/16,2160,604,0,0,0,なし,1,×,×,×,×,◎,×,◎,◎,◎,◎,◎,◎,◎,◎,◎,◎,◎,×,○,×,◎,◎,,,,○,,,,,,3,,1~2,仲間を呼ぶ(ベビークラウド),攻撃,かまいたち,攻撃,攻撃,真空波,0,0,1,0,0,1,確率2,仲間を呼ぶ(ベビークラウド),攻撃,*かまいたち,攻撃,攻撃,*真空波,攻撃48.2% 仲間を呼ぶ(ベビークラウド)26.7% かまいたち18.8% 真空波6.3%
フォレストガード(特),371,38,600,,0,140,99,80,0,1/64,205,70,0,0,0,なし,1,×,×,×,×,◎,×,×,×,◎,◎,◎,◎,×,×,×,×,◎,×,×,×,◎,×,,,,○,,,,,,2,,1,ミス,攻撃,弓矢撃ち,ミス,乱れ撃ち,攻撃,0,0,0,0,0,0,ローテB,ミス,攻撃,弓矢撃ち,ミス,乱れ撃ち,攻撃,(ミスor攻撃)→(弓矢撃ちorミス)→(乱れ撃ちor攻撃)
ボトク,372,45,2500,,255,155,93,83,2,1/16,2150,200,0,0,0,なし,1,×,×,×,×,◎,×,◎,◎,◎,◎,◎,◎,◎,×,◎,◎,◎,×,×,△,◎,△,,,,,,,,,低HP,2,,2,猛毒の霧,攻撃,マホトーン,攻撃,ベホイミ,攻撃,1,0,1,1,1,0,ローテB,*猛毒の霧,攻撃,*マホトーン,*攻撃,*ベホイミ,攻撃,(猛毒の霧or攻撃)→(マホトーンor攻撃)→(ベホイミor攻撃)
ガマデウス,373,46,1300,,255,170,100,95,1,1/64,920,500,0,0,0,なし,1,×,×,×,○,×,×,◎,○,◎,◎,◎,◎,◎,×,×,◎,◎,×,×,×,◎,△,,,,,,,,,,2,,1,氷の息,攻撃,ザオリク,猛毒の霧,攻撃,ザオリク,0,0,0,0,0,0,確率2,氷の息,攻撃,ザオリク,猛毒の霧,攻撃,ザオリク,攻撃33.3% 氷の息26.7% ザオリク25.1% 猛毒の霧14.9%
バリクナジャ,374,47,1580,,85,190,105,90,1,1/64,2750,724,0,0,0,ふしぎな石版？,1,×,×,×,×,×,×,◎,◎,◎,◎,◎,◎,◎,×,×,◎,◎,×,×,×,◎,○,,,,,,,,,,3,,1,地響き,攻撃,ベホイミ,攻撃,痛恨の一撃,地響き,0,0,0,0,0,0,ローテB,地響き,攻撃,ベホイミ,攻撃,痛恨の一撃,地響き,(地響きor攻撃)→(ベホイミor攻撃)→(痛恨の一撃or地響き)
炎のせいれい,375,52,5000,,255,220,120,100,2,0,3700,800,0,0,0,なし,1,◎,◎,◎,×,×,×,◎,◎,◎,◎,◎,◎,◎,×,◎,◎,◎,◎,×,△,◎,×,,,,,,,,,,2,,1,メラゾーマ,マグマ,火柱,激しい炎,雄叫び,メラミ,0,0,0,0,0,0,確率2,メラゾーマ,マグマ,火柱,激しい炎,雄叫び,メラミ,メラゾーマ26.7% マグマ22.7% 火柱18.8% 激しい炎14.9% 雄叫び10.6% メラミ6.3%
ネイルビースト(特),376,40,1800,,0,202,90,90,1,1/64,480,0,0,0,0,なし,1,×,×,×,◎,×,×,×,×,◎,◎,◎,◎,○,×,◎,×,◎,×,◎,×,◎,×,,,,,,,,,低HP,2,,1,毒の息,攻撃,攻撃,マヒ攻撃,微笑む,マヒ攻撃,0,0,0,1,0,1,確率2,毒の息,攻撃,攻撃,*マヒ攻撃,微笑む,*マヒ攻撃,攻撃41.6% 毒の息26.7% マヒ攻撃21.2% 微笑む10.6%
ボーンフィッシュ(特),377,40,1500,,255,180,100,94,1,1/64,350,0,0,0,0,なし,1,×,×,×,◎,×,×,×,×,◎,◎,○,○,◎,×,×,×,◎,×,◎,×,◎,×,,,○,,,,,,,2,,1,マヒャド,津波,マヒャド,攻撃,ホイミ,攻撃,0,1,0,0,0,0,確率2,マヒャド,*津波,マヒャド,攻撃,ホイミ,攻撃,マヒャド45.5% 津波22.7% 攻撃21.2% ホイミ10.6%
おばけヒトデ(特),378,40,1300,,80,160,140,100,1,1/64,320,0,0,0,0,なし,1,×,×,×,◎,×,×,×,×,◎,◎,△,○,◎,×,×,×,○,×,◎,×,◎,×,,,,,,,,,,2,,1,マホカンタ,スカラ,攻撃,誘う踊り,攻撃,スカラ,0,0,0,0,0,0,確率3,マホカンタ,スカラ,攻撃,誘う踊り,攻撃,スカラ,マホカンタ78.4% スカラ15.7% 攻撃4.3% 誘う踊り1.6%
スノーバット(特),379,40,860,,32,173,70,92,2,1/64,320,108,0,0,0,なし,1,×,×,×,◎,△,×,△,△,◎,◎,◎,△,×,×,△,△,◎,×,◎,×,○,×,,,,○,,,,,,2,,1,攻撃,ヒャダルコ,攻撃,マヒャド,攻撃,ヒャダルコ,0,1,0,1,0,1,確率2,攻撃,*ヒャダルコ,攻撃,*マヒャド,攻撃,*ヒャダルコ,攻撃56.1% ヒャダルコ29.0% マヒャド14.9%
ネンガル,380,55,4680,,0,267,32,99,1,1/64,3690,1009,0,0,0,なし,1,×,×,×,×,×,×,◎,◎,◎,◎,◎,◎,◎,○,◎,◎,◎,×,×,×,◎,◎,,,,,,,,,,2,,1,剣の舞,ボディアタック,剣の舞,攻撃,痛恨の一撃,攻撃,1,1,1,0,1,0,確率2,*剣の舞,*ボディアタック,*剣の舞,攻撃,*痛恨の一撃,攻撃,剣の舞45.5% ボディアタック22.7% 攻撃21.2% 痛恨の一撃10.6%
なし,381,10,50,,100,10,10,10,0,0,10,10,0,0,0,やくそう,1,×,×,×,×,×,×,×,×,×,×,×,×,×,×,×,×,×,×,×,×,×,×,,,,,,,,,,2,,1,攻撃,攻撃,攻撃,攻撃,攻撃,攻撃,0,0,0,0,0,0,確率1,攻撃,攻撃,攻撃,攻撃,攻撃,攻撃,攻撃100.0%
オルゴ・デミーラ(2-1),382,70,3500,,254,330,200,80,2,0,0,0,0,0,0,なし,1,×,×,×,×,×,×,◎,◎,◎,◎,◎,◎,◎,◎,◎,◎,◎,×,×,○,◎,×,,○,,,,,,,,2,,1,攻撃,灼熱,尻尾,凍える吹雪,尻尾,灼熱,0,1,1,1,1,1,確率1,攻撃,*灼熱,*尻尾,*凍える吹雪,*尻尾,*灼熱,尻尾33.3% 灼熱32.9% 攻撃16.9% 凍える吹雪16.9%
オルゴ・デミーラ(2-2A),383,50,3300,,255,330,200,135,2,1/64,0,0,0,0,0,なし,1,×,×,×,×,×,×,◎,◎,◎,◎,◎,◎,◎,◎,◎,◎,◎,×,×,○,◎,×,,,,,,,,,,2,,2,攻撃,メラゾーマ,イオナズン,かまいたち,妖しい瞳,Bへ(オルゴ2-2),0,1,1,1,0,1,ローテA,攻撃,*メラゾーマ,*イオナズン,*かまいたち,妖しい瞳,*Bへ(オルゴ2-2),攻撃→メラゾーマ→イオナズン→かまいたち→妖しい瞳→Bへ(オルゴ2-2)
オルゴ・デミーラ(2-3),384,70,3000,,254,350,170,116,2,0,0,0,0,0,0,なし,1,×,×,×,×,×,×,◎,◎,◎,◎,◎,◎,◎,◎,◎,◎,◎,×,×,△,◎,×,,,○,,,,,16~24,,2,,1~2,マグマ,おぞましい雄叫び,凍てつく波動,混乱攻撃,猛毒の霧,叩きつける,1,1,1,1,1,1,ローテB,*マグマ,*おぞましい雄叫び,*凍てつく波動,*混乱攻撃,*猛毒の霧,*叩きつける,(マグマorおぞましい雄叫び)→(凍てつく波動or混乱攻撃)→(猛毒の霧or叩きつける)
オルゴ・デミーラ(2-4A),385,70,4500,,254,300,140,85,2,0,0,0,0,0,0,なし,1,×,×,×,×,×,×,◎,◎,◎,◎,◎,◎,◎,○,◎,◎,◎,×,×,×,◎,×,,,○,,,,,44~56,,2,,1~2,押しつぶす,灼熱,凍てつく波動,マヒ攻撃,凍てつく冷気,Bへ(オルゴ2-4),1,1,1,1,1,1,確率1,*押しつぶす,*灼熱,*凍てつく波動,*マヒ攻撃,*凍てつく冷気,*Bへ(オルゴ2-4),押しつぶす16.9% 凍てつく波動16.9% マヒ攻撃16.9% 灼熱16.5% 凍てつく冷気16.5% Bへ(オルゴ2-4)16.5%
オルゴ・デミーラ(2-2B),386,50,3300,,255,330,200,135,2,1/64,0,0,0,0,0,なし,1,×,×,×,×,×,×,◎,◎,◎,◎,◎,◎,◎,◎,◎,◎,◎,×,×,○,◎,×,,,,,,,,,,2,,1~2,火炎を投げる,攻撃,念じボール,凍てつく波動,正拳突き,Aへ(オルゴ2-2),1,0,1,1,0,1,ローテA,*火炎を投げる,攻撃,*念じボール,*凍てつく波動,正拳突き,*Aへ(オルゴ2-2),火炎を投げる→攻撃→念じボール→凍てつく波動→正拳突き→Aへ(オルゴ2-2)
オルゴ・デミーラ(2-4B),387,70,4500,,254,300,140,85,2,0,0,0,0,0,0,なし,1,×,×,×,×,×,×,◎,◎,◎,◎,◎,◎,◎,○,◎,◎,◎,×,×,×,◎,×,,,○,,,,,44~56,,2,,1~2,肉片(ブロブロス),肉片(ドゴロク),凍てつく波動,瞑想,マジックバリア,Cへ(オルゴ2-4),1,1,1,1,1,1,確率1,*肉片(ブロブロス),*肉片(ドゴロク),*凍てつく波動,*瞑想,*マジックバリア,*Cへ(オルゴ2-4),肉片(ブロブロス)16.9% 凍てつく波動16.9% 瞑想16.9% 肉片(ドゴロク)16.5% マジックバリア16.5% Cへ(オルゴ2-4)16.5%
オルゴ・デミーラ(2-4C),388,70,4500,,254,300,140,85,0,0,0,0,0,0,0,なし,1,×,×,×,×,×,×,◎,◎,◎,◎,◎,◎,◎,○,◎,◎,◎,×,×,×,◎,×,,,○,,,,,44~56,,2,,1,マダンテ,祈り,凍てつく波動,巻きつく,ラリホー,Aへ(オルゴ2-4),1,1,1,1,1,1,ローテA,*マダンテ,*祈り,*凍てつく波動,*巻きつく,*ラリホー,*Aへ(オルゴ2-4),マダンテ→祈り→凍てつく波動→巻きつく→ラリホー→Aへ(オルゴ2-4)
オルゴ・デミーラ(1-1A),389,25,3000,,255,182,127,107,0,0,0,0,0,0,0,なし,1,△,△,△,△,×,×,◎,◎,◎,◎,◎,◎,◎,◎,◎,◎,◎,△,×,×,◎,△,,,,,,,,,,2,,1~2,メラゾーマ,攻撃,マグマ,凍てつく波動,かまいたち,Bへ(オルゴ1-1),1,0,1,1,1,0,ローテA,*メラゾーマ,攻撃,*マグマ,*凍てつく波動,*かまいたち,Bへ(オルゴ1-1),メラゾーマ→攻撃→マグマ→凍てつく波動→かまいたち→Bへ(オルゴ1-1)
オルゴ・デミーラ(1-1B),390,25,3000,,255,182,127,107,1,0,0,0,0,0,0,なし,1,△,△,△,△,×,×,◎,◎,◎,◎,◎,◎,◎,◎,◎,◎,◎,△,×,×,◎,△,,,,,,,,,,2,,1~2,攻撃,念じボール,イオナズン,妖しい瞳,稲妻,Aへ(オルゴ1-1),0,1,1,1,1,0,確率1,攻撃,*念じボール,*イオナズン,*妖しい瞳,*稲妻,Aへ(オルゴ1-1),攻撃16.9% イオナズン16.9% 妖しい瞳16.9% 念じボール16.5% 稲妻16.5% Aへ(オルゴ1-1)16.5%
オルゴ・デミーラ(1-2),391,10,4200,,0,230,90,82,0,1/16,0,0,0,0,0,なし,1,×,×,×,×,×,×,◎,◎,◎,◎,◎,◎,◎,◎,◎,◎,◎,×,×,×,◎,×,,,,,,,,,,3,,1~2,真空波,氷の息,攻撃,激しい炎,とげ当たり,凍てつく波動,1,1,0,1,1,1,確率1,*真空波,*氷の息,攻撃,*激しい炎,*とげ当たり,*凍てつく波動,真空波16.9% 攻撃16.9% 激しい炎16.9% 氷の息16.5% とげ当たり16.5% 凍てつく波動16.5%
神さま(A),392,55,12400,,255,382,162,173,2,1/64,0,0,0,0,0,なし,1,×,×,×,×,×,×,◎,◎,◎,◎,◎,◎,◎,◎,◎,◎,◎,×,×,○,◎,×,,,,,,,,44~56,,3,,2,攻撃,ステテコダンス,凍てつく冷気,妖しい瞳,凍てつく波動,Bへ(神さま),0,1,1,1,1,0,確率1,攻撃,*ステテコダンス,*凍てつく冷気,*妖しい瞳,*凍てつく波動,Bへ(神さま),攻撃16.9% 凍てつく冷気16.9% 妖しい瞳16.9% ステテコダンス16.5% 凍てつく波動16.5% Bへ(神さま)16.5%
ドラゴラム,393,10,30000,,100,190,180,72,0,0,0,0,0,0,0,なし,1,○,○,○,○,×,×,△,△,○,◎,◎,◎,○,△,○,△,◎,○,○,○,○,◎,,○,,,,,,,,2,○,1,攻撃,火炎の息,氷の息,攻撃,火炎の息,氷の息,0,0,0,0,0,0,確率1,攻撃,火炎の息,氷の息,攻撃,火炎の息,氷の息,攻撃33.7% 氷の息33.3% 火炎の息32.9%
へんしん,394,10,30000,,100,145,190,65,0,1/16,0,0,0,0,0,なし,1,△,△,△,○,△,×,×,△,○,◎,○,○,△,△,△,△,◎,△,△,△,○,◎,,,,,,,,,,2,○,1,地響き,攻撃,体当たり,攻撃,真空波,地響き,0,0,0,0,0,0,確率1,地響き,攻撃,体当たり,攻撃,真空波,地響き,地響き33.3% 攻撃33.3% 体当たり16.9% 真空波16.5%
タッツウ,395,10,300,,50,180,150,80,0,0,0,0,0,0,0,さばきの杖,1,△,△,△,△,△,△,△,△,◎,◎,◎,◎,◎,△,◎,◎,◎,△,△,△,◎,◎,,,,,,,,,,2,○,1,ベホイミ,身代わり,攻撃,身代わり,稲妻,甘い息,0,0,0,0,0,0,確率1,ベホイミ,身代わり,攻撃,身代わり,稲妻,甘い息,身代わり33.3% ベホイミ16.9% 攻撃16.9% 稲妻16.5% 甘い息16.5%
デアゴ,396,10,450,,60,210,160,120,0,1/64,0,0,0,0,0,まじゅうのキバ,1,×,×,×,×,×,×,◎,△,○,◎,◎,◎,○,△,◎,△,◎,×,×,×,◎,◎,,,,,,,,,,2,○,1,激しい炎,百裂なめ,攻撃,バイキルト,攻撃,スクルト,0,0,0,0,0,0,確率1,激しい炎,百裂なめ,攻撃,バイキルト,攻撃,スクルト,攻撃33.3% 激しい炎16.9% バイキルト16.9% 百裂なめ16.5% スクルト16.5%
サムシン,397,10,550,,40,250,190,150,0,1/4,0,0,0,0,0,ゴディアスの剣,1,△,△,△,△,△,×,○,◎,○,○,○,◎,△,○,◎,○,◎,×,×,×,◎,◎,,,,,,,,,,2,○,2,ルカナン,魔神斬り,ドラゴン斬り,ゾンビ斬り,稲妻斬り,火炎斬り,0,0,0,0,0,0,確率1,ルカナン,魔神斬り,ドラゴン斬り,ゾンビ斬り,稲妻斬り,火炎斬り,ルカナン16.9% ドラゴン斬り16.9% ゾンビ斬り16.9% 魔神斬り16.5% 稲妻斬り16.5% 火炎斬り16.5%
バズウ,398,10,800,,150,300,230,100,0,0,0,0,0,0,0,けんじゃの杖,1,○,○,○,○,○,△,◎,△,◎,△,◎,○,◎,○,◎,◎,◎,×,×,×,◎,◎,,,,,,,,,,2,○,1,ベホマラー,ベギラゴン,攻撃,メラゾーマ,マヒャド,バギクロス,0,0,0,0,0,0,確率1,ベホマラー,ベギラゴン,攻撃,メラゾーマ,マヒャド,バギクロス,ベホマラー16.9% 攻撃16.9% メラゾーマ16.9% ベギラゴン16.5% マヒャド16.5% バギクロス16.5%
カカロン,399,10,1500,,70,310,240,95,0,1/64,0,0,0,0,0,さばきの杖,1,△,△,△,△,△,△,△,○,◎,◎,×,○,◎,○,×,×,◎,○,○,△,◎,◎,,,,,,,,,,2,○,1,マグマ,地響き,攻撃,ハリケーン,ベホマ,戦いの歌,0,0,0,0,0,0,確率1,マグマ,地響き,攻撃,ハリケーン,ベホマ,戦いの歌,マグマ16.9% 攻撃16.9% ハリケーン16.9% 地響き16.5% ベホマ16.5% 戦いの歌16.5%
バルバルー,400,10,2000,,90,340,250,115,0,1/64,0,0,0,0,0,まじゅうのキバ,1,×,×,×,×,×,×,◎,○,○,◎,×,×,◎,△,◎,◎,◎,○,○,△,◎,◎,,,,,,,,,,2,○,1,呪いの歌,隼斬り,五月雨剣,魔神斬り,剣の舞,バイキルト,0,0,0,0,0,0,確率1,呪いの歌,隼斬り,五月雨剣,魔神斬り,剣の舞,バイキルト,呪いの歌16.9% 五月雨剣16.9% 魔神斬り16.9% 隼斬り16.5% 剣の舞16.5% バイキルト16.5%
クシャラミ,401,10,2200,,0,300,270,150,0,0,0,0,0,0,0,ゴディアスの剣,1,△,△,△,△,△,△,○,○,○,◎,◎,◎,△,△,◎,◎,○,○,○,×,◎,◎,,,,,,,,,,2,○,1,ハッスルダンス,死の踊り,攻撃,メダパニダンス,攻撃,マッスルダンス,0,0,0,0,0,0,確率1,ハッスルダンス,死の踊り,攻撃,メダパニダンス,攻撃,マッスルダンス,攻撃33.3% ハッスルダンス16.9% メダパニダンス16.9% 死の踊り16.5% マッスルダンス16.5%
ドメディ,402,10,3000,,70,390,300,130,1,0,0,0,0,0,0,けんじゃの杖,1,△,△,△,△,△,△,△,○,◎,◎,◎,○,◎,△,◎,◎,◎,△,△,×,◎,◎,,,,,,,,,,2,○,1,仁王立ち,岩石落とし,ベホマズン,攻撃,火柱,グランドクロス,0,0,0,0,0,0,ローテB,仁王立ち,岩石落とし,ベホマズン,攻撃,火柱,グランドクロス,(仁王立ちor岩石落とし)→(ベホマズンor攻撃)→(火柱orグランドクロス)
マチルダ,403,20,65000,,255,75,95,35,2,1/4,0,0,0,0,0,はがねのつるぎ,1,○,○,○,○,○,○,◎,◎,◎,◎,◎,◎,◎,◎,◎,◎,◎,◎,◎,◎,◎,◎,,,,,,,,44~56,,2,○,1,ホイミ,攻撃,稲妻斬り,攻撃,ドラゴン斬り,攻撃,0,0,0,0,0,0,確率3,ホイミ,攻撃,稲妻斬り,攻撃,ドラゴン斬り,攻撃,ホイミ78.4% 攻撃17.3% 稲妻斬り3.1% ドラゴン斬り1.2%
なし,404,20,500,,255,75,95,35,2,1/4,0,0,0,0,0,なし,1,○,○,○,○,○,○,◎,◎,◎,◎,◎,◎,◎,◎,◎,◎,◎,◎,◎,◎,◎,◎,,,,,,,,44~56,,2,○,1,ホイミ,攻撃,稲妻斬り,攻撃,ドラゴン斬り,攻撃,0,0,0,0,0,0,確率3,ホイミ,攻撃,稲妻斬り,攻撃,ドラゴン斬り,攻撃,ホイミ78.4% 攻撃17.3% 稲妻斬り3.1% ドラゴン斬り1.2%
ハンク,405,15,65000,,255,60,55,20,2,1/64,0,0,0,0,0,はがねのつるぎ,1,×,△,△,△,△,△,◎,◎,◎,◎,◎,◎,◎,△,◎,◎,◎,△,△,△,◎,△,,,,,,,,44~56,,2,○,1,ホイミ,ホイミ,様子を見る,攻撃,ルカニ,攻撃,0,0,0,0,0,0,確率2,ホイミ,ホイミ,様子を見る,攻撃,ルカニ,攻撃,ホイミ49.4% 攻撃21.2% 様子を見る18.8% ルカニ10.6%
きこり,406,9,65000,,0,20,30,15,2,0,0,0,0,0,0,なし,1,×,×,×,×,×,×,×,×,×,×,×,×,×,×,×,×,×,×,×,×,×,×,,,,,,,,,,2,○,1,薬草,薬草,防御,攻撃,防御,攻撃,0,0,0,0,0,0,確率2,薬草,薬草,防御,攻撃,防御,攻撃,薬草49.4% 防御29.4% 攻撃21.2%
ガボ,407,10,30000,,100,10,10,10,0,0,10,10,0,0,0,なし,1,×,×,×,×,×,×,×,×,×,×,×,×,×,×,×,×,×,×,×,×,×,×,,,,,,,,,,2,○,1,攻撃,攻撃,攻撃,攻撃,攻撃,攻撃,0,0,0,0,0,0,確率1,攻撃,攻撃,攻撃,攻撃,攻撃,攻撃,攻撃100.0%
なし,408,10,30000,,100,10,10,10,0,0,10,10,0,0,0,なし,1,×,×,×,×,×,×,×,×,×,×,×,×,×,×,×,×,×,×,×,×,×,×,,,,,,,,,,2,○,1,攻撃,攻撃,攻撃,攻撃,攻撃,攻撃,0,0,0,0,0,0,確率1,攻撃,攻撃,攻撃,攻撃,攻撃,攻撃,攻撃100.0%
トラッド,409,12,65000,,255,70,70,35,2,0,0,0,0,0,0,はがねのつるぎ,1,×,×,×,×,×,×,◎,◎,◎,◎,◎,◎,◎,×,◎,◎,◎,×,×,×,◎,×,,,,,,,,,,2,○,1,ホイミ,攻撃,疾風突き,攻撃,疾風突き,ホイミ,0,0,0,0,0,0,確率2,ホイミ,攻撃,疾風突き,攻撃,疾風突き,ホイミ,攻撃37.6% 疾風突き29.4% ホイミ26.7% ホイミ6.3%
なし,410,10,30000,,100,10,10,10,0,0,10,10,0,0,0,なし,1,×,×,×,×,×,×,×,×,×,×,×,×,×,×,×,×,×,×,×,×,×,×,,,,,,,,,,2,○,1,攻撃,攻撃,攻撃,攻撃,攻撃,攻撃,0,0,0,0,0,0,確率1,攻撃,攻撃,攻撃,攻撃,攻撃,攻撃,攻撃100.0%
なし,411,10,30000,,100,10,10,10,0,0,10,10,0,0,0,なし,1,×,×,×,×,×,×,×,×,×,×,×,×,×,×,×,×,×,×,×,×,×,×,,,,,,,,,,2,○,1,攻撃,攻撃,攻撃,攻撃,攻撃,攻撃,0,0,0,0,0,0,確率1,攻撃,攻撃,攻撃,攻撃,攻撃,攻撃,攻撃100.0%
ハディート,412,27,65000,,255,92,85,94,2,1/4,0,0,0,0,0,なし,1,◎,×,×,×,×,×,◎,◎,◎,◎,◎,◎,◎,×,○,◎,◎,◎,×,×,◎,×,,,,,,,,,,2,○,1,様子を見る,仁王立ち,隼斬り,ベホイミ,攻撃,様子を見る,0,0,0,0,0,0,確率2,様子を見る,仁王立ち,隼斬り,ベホイミ,攻撃,様子を見る,様子を見る32.9% 仁王立ち22.7% 隼斬り18.8% ベホイミ14.9% 攻撃10.6%
なし,413,10,30000,,100,10,10,10,0,0,10,10,0,0,0,なし,1,×,×,×,×,×,×,×,×,×,×,×,×,×,×,×,×,×,×,×,×,×,×,,,,,,,,,,2,○,1,攻撃,攻撃,攻撃,攻撃,攻撃,攻撃,0,0,0,0,0,0,確率1,攻撃,攻撃,攻撃,攻撃,攻撃,攻撃,攻撃100.0%
むすめ,414,25,65000,,255,40,50,50,2,1/4,0,0,0,0,0,なし,1,×,×,×,×,◎,×,◎,◎,◎,◎,◎,◎,◎,◎,◎,◎,◎,◎,×,×,◎,×,,,,,,,,,,2,○,1,ベホイミ,様子を見る,ベホイミ,様子を見る,様子を見る,ベホイミ,0,0,0,0,0,0,確率1,ベホイミ,様子を見る,ベホイミ,様子を見る,様子を見る,ベホイミ,ベホイミ50.2% 様子を見る49.8%
サイード,415,50,65000,,0,260,110,124,2,1/4,0,0,0,0,0,なし,1,◎,×,×,×,×,×,◎,◎,◎,◎,◎,◎,◎,×,○,◎,◎,◎,×,×,◎,×,,,,,,,,,,2,○,1,様子を見る,攻撃,五月雨剣,様子を見る,隼斬り,攻撃,0,0,0,0,0,0,ローテB,様子を見る,攻撃,五月雨剣,様子を見る,隼斬り,攻撃,(様子を見るor攻撃)→(五月雨剣or様子を見る)→(隼斬りor攻撃)
カシム,416,22,65000,,0,73,40,55,2,0,0,0,0,0,0,ゴディアスの剣,1,×,△,×,△,×,×,△,△,◎,◎,◎,◎,◎,△,◎,◎,◎,△,×,◎,◎,◎,,,,,,,,90~110,,2,○,1,攻撃,様子を見る,斬りつける,攻撃,斬りつける,様子を見る,0,0,0,0,0,0,ローテA,攻撃,様子を見る,斬りつける,攻撃,斬りつける,様子を見る,攻撃→様子を見る→斬りつける→攻撃→斬りつける→様子を見る
フーラル,417,21,65000,,0,63,35,60,2,1/64,0,0,0,0,0,なし,1,△,△,×,×,×,×,×,△,◎,◎,◎,◎,◎,×,◎,◎,◎,×,×,◎,◎,×,,,,,,,,90~110,,2,○,1,攻撃,薬草,攻撃,様子を見る,攻撃,攻撃,0,0,0,0,0,0,確率2,攻撃,薬草,攻撃,様子を見る,攻撃,攻撃,攻撃62.4% 薬草22.7% 様子を見る14.9%
ザジ,418,23,65000,,45,77,50,72,2,1/64,0,0,0,0,0,いかずちの杖,1,×,×,△,△,×,×,△,△,◎,◎,◎,◎,◎,△,◎,◎,◎,×,×,◎,◎,×,,,,,,,,90~110,,2,○,1,ベホイミ,攻撃,イオ,攻撃,スカラ,ベホイミ,0,0,0,0,0,0,確率2,ベホイミ,攻撃,イオ,攻撃,スカラ,ベホイミ,攻撃37.6% ベホイミ32.9% イオ18.8% スカラ10.6%
フォズ,419,24,65000,,90,80,59,83,2,1/64,0,0,0,0,0,けんじゃの杖,1,×,△,△,×,×,△,◎,◎,◎,◎,◎,◎,◎,×,◎,△,◎,△,△,◎,◎,◎,,,,,,,,90~110,,2,○,1,攻撃,ベホイミ,攻撃,ヒャダルコ,攻撃,ベホイミ,0,0,0,0,0,0,ローテB,攻撃,ベホイミ,攻撃,ヒャダルコ,攻撃,ベホイミ,(攻撃orベホイミ)→(攻撃orヒャダルコ)→(攻撃orベホイミ)
ろうがくし,420,35,65000,,255,75,140,100,2,1/4,0,0,0,0,0,なし,1,×,×,×,×,×,×,×,◎,◎,◎,◎,◎,◎,×,◎,◎,◎,×,○,×,◎,×,,,,,,,,90~110,,2,○,1,天使の歌声,イオ,攻撃,天使の歌声,ベホイミ,天使の歌声,0,0,0,0,0,0,確率1,天使の歌声,イオ,攻撃,天使の歌声,ベホイミ,天使の歌声,天使の歌声50.2% 攻撃16.9% イオ16.5% ベホイミ16.5%
なし,421,10,30000,,100,10,10,10,0,0,10,10,0,0,0,なし,1,×,×,×,×,×,×,×,×,×,×,×,×,×,×,×,×,×,×,×,×,×,×,,,,,,,,,,2,○,1,攻撃,攻撃,攻撃,攻撃,攻撃,攻撃,0,0,0,0,0,0,確率1,攻撃,攻撃,攻撃,攻撃,攻撃,攻撃,攻撃100.0%
ブロブロス,422,70,500,,50,160,100,120,0,0,0,0,0,0,0,なし,1,×,×,×,△,△,×,○,◎,◎,○,△,△,◎,△,◎,◎,◎,×,△,○,◎,×,,,○,,,,,,,2,,1,スカラ,ルカナン,なめまわし,なめまわし,攻撃,攻撃,0,0,0,0,0,0,確率2,スカラ,ルカナン,なめまわし,なめまわし,攻撃,攻撃,なめまわし33.7% スカラ26.7% ルカナン22.7% 攻撃16.9%
ドゴロク,423,70,600,,0,200,120,80,0,0,0,0,0,0,0,なし,1,×,×,×,△,△,×,○,◎,◎,○,◎,◎,◎,△,◎,◎,◎,×,△,×,◎,×,,,○,,,,,,,2,,1,攻撃,火炎の息,攻撃,火炎の息,攻撃,激しい炎,0,0,0,0,0,0,確率1,攻撃,火炎の息,攻撃,火炎の息,攻撃,激しい炎,攻撃50.2% 火炎の息33.3% 激しい炎16.5%
シードラゴンズ(特),424,10,314,,82,90,140,85,2,1/64,173,105,0,0,0,なし,1,×,×,×,×,△,×,◎,◎,◎,◎,○,△,◎,×,◎,○,◎,○,○,×,◎,△,,,,,,,,,,2,,1,攻撃,激しい炎,ベホイミ,ベホイミ,攻撃,焼けつく息,0,1,1,1,0,1,確率2,攻撃,*激しい炎,*ベホイミ,*ベホイミ,攻撃,*焼けつく息,攻撃37.3% ベホイミ33.7% 激しい炎22.7% 焼けつく息6.3%
たつのこナイト(特),425,10,248,,62,110,90,135,1,1/64,72,70,0,0,0,なし,1,×,×,×,×,△,×,○,○,△,◎,○,○,◎,×,×,○,◎,×,×,×,◎,△,,,,,,,,,,2,,1,攻撃,氷の息,ホイミ,攻撃,甘い息,攻撃,0,1,1,0,1,0,確率2,攻撃,*氷の息,*ホイミ,攻撃,*甘い息,攻撃,攻撃47.8% 氷の息22.7% ホイミ18.8% 甘い息10.6%
ほのおのせいれい,426,56,2900,,255,235,131,135,1,1/64,2400,0,0,0,0,なし,1,◎,△,△,×,×,×,◎,◎,◎,◎,◎,◎,◎,◎,◎,◎,◎,◎,×,△,◎,△,,,,,,,,,,3,,1,攻撃,マグマ,火柱,激しい炎,メラゾーマ,攻撃,0,1,1,1,1,0,確率1,攻撃,*マグマ,*火柱,*激しい炎,*メラゾーマ,攻撃,攻撃33.3% 火柱16.9% 激しい炎16.9% マグマ16.5% メラゾーマ16.5%
だいちのせいれい,427,56,3200,,255,275,90,61,0,0,3000,0,0,0,0,なし,1,×,×,×,×,×,×,○,○,◎,◎,◎,◎,◎,◎,◎,△,◎,×,×,×,◎,×,,,,,,,,,,3,,1,攻撃,岩石落とし,攻撃,地割れ,痛恨の一撃,攻撃,0,1,0,1,1,0,確率1,攻撃,*岩石落とし,攻撃,*地割れ,*痛恨の一撃,攻撃,攻撃50.2% 地割れ16.9% 岩石落とし16.5% 痛恨の一撃16.5%
みずのせいれい,428,56,2300,,255,185,141,120,2,1/64,2400,0,0,0,0,なし,1,×,×,×,◎,△,×,◎,◎,◎,◎,◎,◎,◎,◎,◎,◎,◎,×,△,○,◎,◎,,,,,,,,,,3,,1,凍てつく波動,津波,安らぎの歌,マヒャド,攻撃,攻撃,1,1,1,1,0,0,確率3,*凍てつく波動,*津波,*安らぎの歌,*マヒャド,攻撃,攻撃,凍てつく波動78.4% 津波15.7% 安らぎの歌3.1% マヒャド1.6% 攻撃1.2%
かぜのせいれい,429,40,1900,,255,205,120,260,1,1/16,2400,0,0,0,0,なし,1,×,×,△,×,◎,×,◎,◎,◎,◎,◎,◎,◎,◎,◎,◎,◎,△,△,◎,◎,△,,,,,,,,,,3,,1,追い風,かまいたち,攻撃,真空波,攻撃,バギクロス,1,1,0,1,0,1,ローテA,*追い風,*かまいたち,攻撃,*真空波,攻撃,*バギクロス,追い風→かまいたち→攻撃→真空波→攻撃→バギクロス
アルスもどき,430,10,30000,,100,10,10,10,0,0,10,10,0,0,0,やくそう,1,×,×,×,×,×,×,×,×,×,×,×,×,×,×,×,×,×,×,×,×,×,×,,,,,,,,,,0,,1,攻撃,攻撃,攻撃,攻撃,攻撃,攻撃,0,0,0,0,0,0,確率1,攻撃,攻撃,攻撃,攻撃,攻撃,攻撃,攻撃100.0%
アイラもどき,431,10,30000,,100,10,10,10,0,0,10,10,0,0,0,やくそう,1,×,×,×,×,×,×,×,×,×,×,×,×,×,×,×,×,×,×,×,×,×,×,,,,,,,,,,0,,1,攻撃,攻撃,攻撃,攻撃,攻撃,攻撃,0,0,0,0,0,0,確率1,攻撃,攻撃,攻撃,攻撃,攻撃,攻撃,攻撃100.0%
ガボもどき,432,10,30000,,100,10,10,10,0,0,10,10,0,0,0,やくそう,1,×,×,×,×,×,×,×,×,×,×,×,×,×,×,×,×,×,×,×,×,×,×,,,,,,,,,,0,,1,攻撃,攻撃,攻撃,攻撃,攻撃,攻撃,0,0,0,0,0,0,確率1,攻撃,攻撃,攻撃,攻撃,攻撃,攻撃,攻撃100.0%
マリベルもどき,433,10,30000,,100,10,10,10,0,0,10,10,0,0,0,やくそう,1,×,×,×,×,×,×,×,×,×,×,×,×,×,×,×,×,×,×,×,×,×,×,,,,,,,,,,0,,1,攻撃,攻撃,攻撃,攻撃,攻撃,攻撃,0,0,0,0,0,0,確率1,攻撃,攻撃,攻撃,攻撃,攻撃,攻撃,攻撃100.0%
メルビンもどき,434,10,30000,,100,10,10,10,0,0,10,10,0,0,0,やくそう,1,×,×,×,×,×,×,×,×,×,×,×,×,×,×,×,×,×,×,×,×,×,×,,,,,,,,,,0,,1,攻撃,攻撃,攻撃,攻撃,攻撃,攻撃,0,0,0,0,0,0,確率1,攻撃,攻撃,攻撃,攻撃,攻撃,攻撃,攻撃100.0%
神さま(B),435,55,12400,,255,382,162,173,2,1/64,0,0,0,0,0,なし,1,×,×,×,×,×,×,◎,◎,◎,◎,◎,◎,◎,◎,◎,◎,◎,×,×,△,◎,×,,,,,,,,44~56,,2,,1~2,一発ギャグ,煉獄火炎,かまいたち,ジゴスパーク,攻撃,Aへ(神さま),0,1,1,1,0,0,確率1,一発ギャグ,*煉獄火炎,*かまいたち,*ジゴスパーク,攻撃,Aへ(神さま),一発ギャグ16.9% かまいたち16.9% ジゴスパーク16.9% 煉獄火炎16.5% 攻撃16.5% Aへ(神さま)16.5%
ヘルバオムのねっこ(2),436,32,185,,0,152,70,135,0,1/64,80,20,0,0,0,ふしぎな石版緑,1,×,×,×,×,×,×,×,◎,◎,◎,◎,◎,◎,×,◎,◎,◎,×,×,×,◎,◎,,,,,,,,,,2,,1,攻撃,攻撃,攻撃,攻撃,攻撃,攻撃,0,0,0,0,0,0,確率1,攻撃,攻撃,攻撃,攻撃,攻撃,攻撃,攻撃100.0%
かいぞくたち,437,32,65000,,0,230,350,120,2,0,0,0,0,0,0,なし,1/4096,×,×,×,×,◎,◎,◎,◎,◎,◎,◎,◎,◎,◎,◎,◎,◎,△,△,×,◎,◎,,,,,,,,44~56,,0,○,1,援護砲撃,様子を見る,援護砲撃,様子を見る,援護砲撃,津波,0,0,0,0,0,0,確率2,援護砲撃,様子を見る,援護砲撃,様子を見る,援護砲撃,津波,援護砲撃56.1% 様子を見る37.6% 津波6.3%
